t,raw_x,raw_y,raw_z,raw_yaw,filt_x,filt_y,filt_z,filt_yaw,vx,vy,vz,vyaw,smooth_x,smooth_y,smooth_z,smooth_yaw,nis,yaw_nis,yaw_wrapped,gated,yaw_gated,meas_valid
0,2.664620013,-0.5042617322,0.4414932146,-1.53812276,2.664620013,-0.5042617322,0.4414932146,-1.53812276,0,0,0,0,2.936559002,-0.5122977463,0.4761570961,-1.627961237,0,0,0,0,0,1
0.01,2.826532268,-0.5532908059,0.4659774385,-1.50300111,2.745948523,-0.5300822003,0.4579247409,-1.521005279,0.3782445602,-0.2960620822,0.8443847366,0.03936169133,2.899864755,-0.4670342476,0.4765446365,-1.627911541,2.146004126,0.03226204774,0,0,0,1
0.02,2.944298985,-0.5935065623,0.4811577248,1.687505729,2.822386026,-0.5594064201,0.4763411649,-1.520611662,1.246233897,-0.9391975476,1.356193094,0.03936169133,2.859151647,-0.4183048468,0.4757406641,-1.627861565,318.4650549,315.3422083,1,0,1,1
0.03,3.151830618,-0.6478366021,0.5137691142,-1.486241683,2.941908548,-0.6030408626,0.5050612918,-1.507308912,3.195807104,-1.944965214,1.990530124,0.1478269565,2.813275347,-0.3671069577,0.4724074013,-1.62781092,8.193722534,0.03651978434,0,0,0,1
0.04,3.109588587,-0.09148163619,0.4963467895,-1.749814374,3.019468043,-0.3889945607,0.508372946,-1.582963933,4.165976264,4.803699242,1.404894445,-0.6934701908,2.761483488,-0.3162314678,0.4655442622,-1.627759079,48.04446871,2.076979256,0,0,0,1
0.05,2.879165402,-0.100047546,0.4631158259,-1.685020611,2.998868952,-0.2359889779,0.4908954158,-1.617166775,2.806920885,7.62921006,0.4088377002,-1.041177497,2.704023033,-0.269749043,0.4551140994,-1.627705437,15.72333154,0.3293056586,0,0,0,1
0.06,2.722715461,-0.1171287457,0.4428576441,-1.703877575,2.921839747,-0.1416754956,0.4691110042,-1.648373769,0.5794769238,8.080044996,-0.3631753903,-1.32671467,2.642229859,-0.2308841699,0.4419786101,-1.627649468,9.985347387,0.2160656268,0,0,0,1
0.07,2.59160082,-0.1287132123,0.4207908225,-1.652405418,2.81215566,-0.08856276152,0.444318259,-1.659194414,-1.754003817,7.426250033,-0.9820960341,-1.292504227,2.578140831,-0.2011665649,0.4273857406,-1.627590806,10.79968764,0.003198967451,0,0,0,1
0.08,2.474803464,-0.138127022,0.4048108084,-1.693027488,2.686533371,-0.0630636127,0.4208286266,-1.67754108,-3.834839106,6.318243026,-1.381615655,-1.367064093,2.514107432,-0.1809517801,0.4126090721,-1.627529205,10.55858702,0.01651991453,0,0,0,1
0.09,2.385616986,-0.1486147525,0.3821773099,1.434709694,2.561456456,-0.05670686316,0.3957391622,-1.691211721,-5.436839851,5.054453976,-1.712982756,-1.367064093,2.452542436,-0.16984165,0.3987593027,-1.627464516,381.2960888,372.0399167,0,0,1,1
0.1,2.286248691,-0.1581008673,0.3753862267,-1.685436591,2.435917798,-0.0628920506,0.3771549927,-1.698945239,-6.710460254,3.804250474,-1.755960849,-1.293524057,2.395739748,-0.1669896852,0.3866330658,-1.62739667,7.351240247,0.0134023509,0,0,0,1
0.11,2.282285855,-0.173943476,0.3773783049,-1.645770477,2.341571844,-0.07963853111,0.3676040717,-1.693390353,-7.18739899,2.598840402,-1.518544504,-1.078513331,2.345738897,-0.1713139774,0.3766041008,-1.627325662,5.013779307,0.1606199085,0,0,0,1
0.12,2.180562261,-0.1950827978,0.36088103,-1.662318597,2.242200424,-0.1051060666,0.3562282952,-1.693309924,-7.662389335,1.464667238,-1.40546652,-0.9595369994,2.304264983,-0.1816416812,0.3687359054,-1.627251553,4.248935023,0.0661836992,0,0,0,1
0.13,2.213918333,-0.2132347574,0.3669384234,-1.619775572,2.180244781,-0.1348740375,0.3533223232,-1.682694727,-7.410770043,0.4829154352,-1.074491746,-0.7506303287,2.272719018,-0.1968244791,0.3629497956,-1.627174474,3.945078546,0.2668597896,0,0,0,1
0.14,2.161448863,-0.2247082408,0.3599871463,-1.619387931,2.12270897,-0.1641917817,0.3504147455,-1.673971811,-7.127212203,-0.2737789906,-0.8418700363,-0.5919238538,2.252169321,-0.2158288586,0.3590784173,-1.627094593,2.419419728,0.1972068218,0,0,0,1
0.15,2.189614719,-0.2452244219,0.3652047132,-1.627879673,2.09245909,-0.1951372274,0.3524428582,-1.66859935,-6.425182723,-0.8999511734,-0.5318704273,-0.4872420353,2.243385387,-0.23775916,0.3569627683,-1.627012089,3.2803202,0.1080554309,0,0,0,1
0.16,2.181059858,-0.2589189438,0.3629619703,-1.61573779,2.07330443,-0.2238652839,0.354252294,-1.661553536,-5.652275347,-1.338328558,-0.3203819968,-0.3822908156,2.246872102,-0.2618238094,0.3565576355,-1.626927126,2.660302012,0.134955377,0,0,0,1
0.17,2.10525393,-0.2684266508,0.3512843623,-1.627230385,2.042780708,-0.248475819,0.3511546296,-1.657865949,-5.205839885,-1.587907864,-0.3172326225,-0.3193513981,2.262896685,-0.2872834953,0.3580105612,-1.626839861,0.7852006983,0.05962377556,0,0,0,1
0.18,2.168786639,-0.293520621,0.3628965046,-1.597745405,2.042926229,-0.2748576789,0.3546935996,-1.649140203,-4.307834233,-1.82140172,-0.1181276008,-0.2241230255,2.29141762,-0.3133559031,0.3615851154,-1.626750441,2.864194977,0.1660210809,0,0,0,1
0.19,2.161143945,-0.3159952606,0.3609057007,-1.624001374,2.047075451,-0.3013266908,0.3568391696,-1.646442399,-3.494273747,-2.004909772,-0.01942874463,-0.1864373574,2.331940036,-0.3391075835,0.3674984011,-1.626658991,2.039796555,0.03134880584,0,0,0,1
0.2,2.255742669,-0.3476183612,0.3772412692,-1.587350536,2.083418374,-0.3308257409,0.3659126102,-1.637750969,-2.265048063,-2.214956331,0.2555238145,-0.1093883147,2.383452731,-0.363400988,0.3758808826,-1.626565607,5.060472469,0.1567459537,0,0,0,1
0.21,2.345949593,-0.3740194831,0.3892002528,-1.582178987,2.144198658,-0.3605529297,0.3777967203,-1.629409118,-0.8255028241,-2.383368014,0.532292619,-0.04339680192,2.444411763,-0.3848939614,0.3867778639,-1.626470346,6.559891995,0.1365477683,0,0,0,1
0.22,2.315523459,-0.389571326,0.3860009752,-1.55623835,2.188477371,-0.3862534215,0.3844161436,-1.618040285,0.08122839779,-2.424854538,0.5707572216,0.03581673276,2.512800979,-0.4020804688,0.4002229077,-1.626373202,2.52977347,0.2320875036,0,0,0,1
0.23,2.43272944,-0.4265025925,0.4052781315,-1.569722502,2.260505726,-0.4162628469,0.3969426715,-1.610266155,1.310566211,-2.552874319,0.7730628732,0.08364897376,2.586134507,-0.4133293732,0.4161846411,-1.626274068,4.653126785,0.09920704229,0,0,0,1
0.24,2.568252241,-0.4672910278,0.4211743913,1.640903882,2.359807757,-0.4509720342,0.4120982126,-1.609429665,2.798495059,-2.75688091,0.9933460815,0.08364897376,2.661344692,-0.4169527388,0.4343325742,-1.626172713,405.863524,399.2318905,1,0,1,1
0.25,2.633449329,-0.495413548,0.4368175055,-1.546890493,2.459659348,-0.4846152594,0.4286847784,-1.59838645,4.038987242,-2.891865323,1.190731119,0.1444946974,2.73482642,-0.4114230688,0.453937753,-1.626068814,4.782613104,0.1621142179,0,0,0,1
0.26,2.777270923,-0.5358523552,0.4573064356,-1.562109893,2.581149091,-0.521568717,0.4481129564,-1.59148018,5.438741004,-3.070413713,1.413860922,0.1758291398,2.802577704,-0.395707467,0.4738310438,-1.625961977,5.961827303,0.05219461303,0,0,0,1
0.27,2.906717479,-0.5823860358,0.4722145021,1.65999271,2.714866842,-0.5631137024,0.466734535,-1.589721889,6.807847557,-3.311318966,1.546862064,0.1758291398,2.860307522,-0.3696691976,0.4923255348,-1.625851697,404.8946609,399.3943365,1,0,1,1
0.28,3.169125653,-0.6496629241,0.5128192127,1.650884554,2.895912855,-0.6154639386,0.4959792973,-1.587963597,8.757353566,-3.738806556,1.955573858,0.1758291398,2.903629826,-0.3346140176,0.5071650418,-1.62573736,407.8342383,395.4867405,1,0,1,1
0.29,3.880108494,-0.0667455126,0.6111504551,-1.726720378,3.245760567,-0.4418533527,0.5585585848,-1.611279147,13.28327822,0.9500425873,3.232000333,0.04719045275,2.928458277,-0.2940492526,0.5156795315,-1.625618324,131.3464522,0.8276139204,0,0,0,1
0.3,3.586276777,-0.07671881308,0.5691374743,-1.670624932,3.439341327,-0.3043245585,0.5810958582,-1.620667336,14.33154466,3.795116933,2.941765424,-0.00163116143,2.932082686,-0.2530210054,0.5159009831,-1.625493993,26.33859054,0.1524667337,0,0,0,1
0.31,3.276203307,-0.08318958028,0.522112655,-1.709819539,3.493021093,-0.2004271826,0.5707362633,-1.634389242,12.78481473,5.260589132,1.761650409,-0.06726931529,2.91433355,-0.2157857271,0.5078850194,-1.625363903,23.69897998,0.3430380989,0,0,0,1
0.32,3.016272047,-0.09230014359,0.4845884119,-1.718687975,3.444032765,-0.1278336668,0.5416624896,-1.647149497,9.733387423,5.704758926,0.3764390206,-0.1233689719,2.877401087,-0.1848186079,0.4934382525,-1.625227727,41.52117593,0.3052285526,0,0,0,1
0.33,2.832980948,-0.1018805533,0.4590946636,-1.684494039,3.334177164,-0.08198009531,0.5065804461,-1.653320642,6.158199821,5.456002808,-0.7760604948,-0.1456139524,2.824840639,-0.1612598057,0.4749573141,-1.625085295,45.98222573,0.05743356903,0,0,0,1
0.34,2.724646527,-0.1151317091,0.4406058858,-1.696135916,3.199473784,-0.05899627518,0.472625627,-1.660153803,2.77116038,4.75430899,-1.553192814,-0.1691669986,2.760790522,-0.1453069477,0.4546822249,-1.624936608,37.96987778,0.07592801415,0,0,0,1
0.35,2.611067234,-0.1262274587,0.4238263166,-1.66794573,3.046986098,-0.05277194181,0.4421245574,-1.662602817,-0.338313694,3.836114188,-1.997298661,-0.1723968429,2.689496161,-0.1365540305,0.4344103285,-1.624781809,30.72314182,0.001662915578,0,0,0,1
0.36,2.473189111,-0.1342494655,0.4041229705,-1.700227785,2.876771843,-0.05755273355,0.4140393404,-1.668598581,-3.217119833,2.877404469,-2.237973046,-0.1901565599,2.615074663,-0.1342699098,0.415496714,-1.624621168,26.07891894,0.05793469718,0,0,0,1
0.37,2.340549724,-0.1441397365,0.3811170988,-1.708858958,2.697179331,-0.07030867512,0.3869158541,-1.674888338,-5.761001158,1.954515881,-2.378711225,-0.2079622401,2.541341734,-0.1375963195,0.3989188637,-1.624455073,20.56116194,0.06648329506,0,0,0,1
0.38,2.291420809,-0.1547806083,0.3756491422,-1.650912213,2.53774539,-0.08820967452,0.3687624777,-1.67409443,-7.518063981,1.122379057,-2.21156904,-0.1965699869,2.471606388,-0.1456654331,0.3852400805,-1.624284055,10.74560733,0.03081785614,0,0,0,1
0.39,2.282997223,-0.1714764552,0.3742783596,-1.638798564,2.41004618,-0.1110024922,0.3590800142,-1.672089194,-8.424319936,0.3664544567,-1.842698936,-0.1811725323,2.40852635,-0.1576648783,0.374565465,-1.624108781,4.981844118,0.06328882552,0,0,0,1
0.4,2.227759055,-0.1841867565,0.3583180253,1.528191362,2.297127829,-0.13500352,0.3486016482,-1.67390092,-8.919136241,-0.2483360201,-1.60687846,-0.1811725323,2.354141321,-0.1728787459,0.3666982243,-1.623929999,436.5210947,434.3619673,1,0,1,1
0.41,2.212043757,-0.2002623802,0.365027768,-1.632001957,2.209137736,-0.1600860606,0.3471544174,-1.670888996,-8.898407217,-0.7505400195,-1.173084877,-0.163261315,2.30998914,-0.1907112428,0.3612913485,-1.623748484,2.240479215,0.08672343237,0,0,0,1
0.42,2.186967697,-0.2148177615,0.3634532053,-1.619719114,2.139694932,-0.1845929292,0.3480359104,-1.666916037,-8.561204439,-1.128350424,-0.7989007777,-0.1428783264,2.27717903,-0.2106815226,0.357890008,-1.623565022,1.919852024,0.127148739,0,0,0,1
0.43,2.188915207,-0.2317595634,0.3638789489,-1.608246679,2.093517636,-0.2087943602,0.3507704777,-1.662190505,-7.880721217,-1.415415463,-0.4807527805,-0.1209413223,2.256448977,-0.2323951052,0.3560770852,-1.623380406,2.461582555,0.1654042675,0,0,0,1
0.44,2.180578645,-0.2529311512,0.3615782778,-1.608641364,2.063222319,-0.233742264,0.3529892933,-1.657977933,-7.043603507,-1.655276554,-0.2722945881,-0.101977332,2.248225656,-0.2555004807,0.3556190466,-1.623195422,2.579519546,0.1378366929,0,0,0,1
0.45,2.166205215,-0.2690381284,0.3600609647,-1.596618511,2.043506552,-0.2570425451,0.3546735776,-1.653012884,-6.168378414,-1.805221346,-0.1415404842,-0.08141857391,2.25267211,-0.2796468787,0.3565020804,-1.623010832,2.501680993,0.1794814046,0,0,0,1
0.46,2.184286052,-0.2891991098,0.3571560952,1.57785772,2.041037707,-0.280172325,0.3550120996,-1.653827069,-5.146570059,-1.918056156,-0.08950482573,-0.08141857391,2.269691015,-0.3044425716,0.3589009366,-1.622827359,433.791624,430.8351123,1,0,1,1
0.47,2.212413896,-0.308285305,0.3689129957,-1.579596853,2.054747121,-0.3025685572,0.3607747012,-1.647215623,-4.021913467,-1.989515504,0.1080149348,-0.0567882423,2.298891662,-0.329398256,0.3630821555,-1.622645695,4.08759362,0.2588984767,0,0,0,1
0.48,2.171465723,-0.3219580557,0.3626291278,-1.586338504,2.060427948,-0.3222816759,0.3622032479,-1.641910741,-3.229867421,-1.985470251,0.1183512173,-0.03763479417,2.33957396,-0.3538691068,0.3693600678,-1.622466494,1.917687667,0.174216131,0,0,0,1
0.49,2.242283529,-0.3491848495,0.3738809661,-1.554921605,2.090763486,-0.344673828,0.3681087803,-1.634202989,-2.149056522,-2.04185802,0.2584445438,-0.01168638284,2.390653998,-0.376986848,0.3780748101,-1.622290349,3.758525279,0.35339064,0,0,0,1
0.5,2.27475675,-0.3700101067,0.3770174683,-1.575272646,2.12937127,-0.3668627796,0.3735389105,-1.629019365,-1.112004294,-2.081199608,0.3428705754,0.005072921531,2.450533907,-0.397601361,0.3894707372,-1.62211776,3.208651987,0.1619180461,0,0,0,1
0.51,2.407274262,-0.40844476,0.4019955509,-1.539901805,2.202782486,-0.3951519701,0.3882292987,-1.621197995,0.3466602299,-2.247359482,0.6769831901,0.0292957817,2.517039252,-0.4142747613,0.4035688719,-1.621949116,7.217755744,0.3694282644,0,0,0,1
0.52,2.444998451,-0.4328305281,0.405532431,-1.555975168,2.276076684,-0.4230993517,0.399738742,-1.615390192,1.551599553,-2.368999188,0.8175984107,0.04625792212,2.587446881,-0.4253471282,0.4201417795,-1.62178468,4.42349075,0.1968270258,0,0,0,1
0.53,2.508715251,-0.4593353398,0.4145422406,-1.518516923,2.355095035,-0.4513059022,0.4108968724,-1.606943614,2.647391049,-2.469367158,0.9060729977,0.07050621104,2.658549659,-0.4290791215,0.4387173308,-1.621624576,3.85878673,0.4349631776,0,0,0,1
0.54,2.684906347,-0.510731996,0.4438032142,-1.522992258,2.470286756,-0.4885032458,0.4306872815,-1.599507714,4.178298417,-2.747226536,1.224402089,0.09070675175,2.726650406,-0.4238298832,0.4583781628,-1.621468765,7.831550197,0.3249810267,0,0,0,1
0.55,2.857247943,-0.557700572,0.4655106162,-1.519666511,2.61302483,-0.5309965331,0.4530911923,-1.592361405,5.920371271,-3.081027023,1.525826624,0.1092235242,2.787616464,-0.4083458006,0.4775788831,-1.62131702,9.733373036,0.2927606405,0,0,0,1
0.56,3.036880446,-0.6171999424,0.497477456,-1.471376208,2.778879151,-0.5817483334,0.4814560237,-1.581993726,7.760725554,-3.524172135,1.914673388,0.1364631697,2.837167857,-0.3822567987,0.4942444141,-1.621168909,11.79688628,0.6766460136,0,0,0,1
0.57,3.315986278,-0.6891777169,0.5430158684,-1.461564465,2.990877425,-0.6429776131,0.5196871523,-1.57160358,10.07976612,-4.101673433,2.480870939,0.1627085924,2.871292115,-0.3467441897,0.506012303,-1.621023768,19.00722404,0.6684574711,0,0,0,1
0.58,3.626427409,-0.06654522715,0.5762156372,-1.748186267,3.248075368,-0.4617126641,0.558768635,-1.583226318,12.77859676,0.8379195293,2.90431687,0.1245337882,2.886799144,-0.3053934721,0.5107744477,-1.620880649,90.89247926,1.499871178,0,0,0,1
0.59,3.4561273,-0.07868193239,0.5519441758,-1.739516405,3.399336913,-0.3184589157,0.571672644,-1.593479937,13.18368942,3.835131821,2.425498817,0.09168877524,2.882144707,-0.2634925494,0.5075784657,-1.62073843,28.35219797,1.173771277,0,0,0,1
0.6,3.135229327,-0.08457682171,0.5022684334,-1.760948588,3.415370985,-0.2097165182,0.5537843164,-1.604640433,11.18540527,5.399378027,1.175187108,0.05746901959,2.858032705,-0.2255291411,0.4971912126,-1.620596095,31.2941045,1.342858824,0,0,0,1
0.61,2.845807087,-0.09856394365,0.4594642291,-1.726420436,3.327929111,-0.135145572,0.5178075704,-1.612696317,7.746370849,5.856648382,-0.2408298272,0.03319871054,2.817115354,-0.1941174123,0.4816694675,-1.620452889,49.61489671,0.7099326416,0,0,0,1
0.62,2.771045268,-0.1112942182,0.4494960196,-1.738873916,3.219863685,-0.089076535,0.4857451472,-1.621147185,4.544895075,5.578927341,-1.120611092,0.008672433066,2.763086226,-0.1704658561,0.4633317606,-1.620308314,35.41714756,0.7598755046,0,0,0,1
0.63,2.660715026,-0.1210337939,0.4333059032,-1.693145889,3.088484537,-0.06487601322,0.4559855896,-1.625989662,1.49356368,4.876955083,-1.671056428,-0.005003336778,2.699947181,-0.1548048886,0.4440659531,-1.620162111,29.81650955,0.2469890503,0,0,0,1
0.64,2.531047573,-0.1320225641,0.4157846974,-1.694703563,2.936017,-0.05783625903,0.4287052114,-1.630667559,-1.395131971,3.949626269,-1.984642627,-0.01776610262,2.63170492,-0.1467457561,0.4252687483,-1.620014235,26.55116156,0.2243346794,0,0,0,1
0.65,2.437492625,-0.1435883117,0.3998838438,-1.706808054,2.780341448,-0.06342938988,0.40482038,-1.635894943,-3.840713879,2.947639746,-2.104454395,-0.03161519709,2.562212094,-0.1455461125,0.4079736464,-1.619864814,19.7879527,0.2748347433,0,0,0,1
0.66,2.314147704,-0.1522538801,0.3795253427,-1.694154898,2.616818545,-0.07654131198,0.3818632649,-1.640012675,-5.999701403,2.001232644,-2.16119673,-0.04198807171,2.494992617,-0.1503006733,0.3929078223,-1.619714131,15.62077576,0.1600615484,0,0,0,1
0.67,2.264277438,-0.1747778485,0.3738430392,-1.651658671,2.471260465,-0.0990985762,0.366367099,-1.641159902,-7.476136244,1.055241741,-1.97975258,-0.04396340268,2.433092556,-0.1600624402,0.3804821769,-1.619562638,8.801037087,0.006013284881,0,0,0,1
0.68,2.23705877,-0.1889287183,0.3701493587,-1.651061278,2.34986721,-0.1246838802,0.3571796399,-1.64220528,-8.280812419,0.2521812644,-1.66497216,-0.04560144591,2.378968275,-0.1739260751,0.3707715109,-1.619410921,4.358860559,0.004275161091,0,0,0,1
0.69,2.21286211,-0.2037244556,0.3673367211,-1.625972723,2.251207968,-0.1515245273,0.3525920283,-1.641605003,-8.554338036,-0.4003178398,-1.307112389,-0.04275617708,2.334481792,-0.1911022061,0.3636296332,-1.619259653,2.391931369,0.01331022574,0,0,0,1
0.7,2.203974402,-0.2184601676,0.3596092143,1.549649494,2.17686915,-0.178183392,0.3485599309,-1.642032565,-8.360993012,-0.9037775351,-1.038941729,-0.04275617708,2.300978297,-0.2109448192,0.3588765243,-1.619109561,458.4550278,457.0921965,1,0,1,1
0.71,2.126398537,-0.2352419442,0.35375065,-1.625061801,2.102951554,-0.204508647,0.3451810221,-1.641314835,-8.193742863,-1.28794375,-0.8309533291,-0.03969633458,2.279369041,-0.2329273062,0.3563931148,-1.618961392,0.8358736227,0.01442732523,0,0,0,1
0.72,2.180874465,-0.2555657091,0.3620959642,-1.602928288,2.067768859,-0.2311320294,0.3482216076,-1.63919377,-7.386946965,-1.593364747,-0.4942169771,-0.03299699895,2.27014354,-0.2565979781,0.3560808284,-1.618815902,3.01392044,0.07176033995,0,0,0,1
0.73,2.13037385,-0.2666589112,0.354979241,-1.60873633,2.033814399,-0.2541192412,0.3485439341,-1.637550895,-6.698176783,-1.750110623,-0.3380294256,-0.02776767072,2.273348314,-0.2815329267,0.3578529383,-1.618673845,1.619528956,0.04526152294,0,0,0,1
0.74,2.18458105,-0.2918520782,0.3657100451,-1.59842233,2.030518028,-0.2789037705,0.3544087931,-1.63533468,-5.599226711,-1.911964469,-0.06374338135,-0.02117903571,2.288602851,-0.3072716841,0.361675482,-1.618535954,4.082179841,0.07421311389,0,0,0,1
0.75,2.213489083,-0.3125572001,0.3634335194,1.584388076,2.044415931,-0.3032555778,0.3581189884,-1.63554647,-4.393207576,-2.028234748,0.06524247443,-0.02117903571,2.31509532,-0.3332382824,0.3675493455,-1.618402937,453.0139236,448.8077686,1,0,1,1
0.76,2.254045359,-0.3368185457,0.378304969,-1.579868281,2.074643591,-0.3283189486,0.3675608201,-1.632086411,-3.113513175,-2.134479711,0.3260073956,-0.01154502092,2.351606531,-0.3586907683,0.3754841598,-1.618275476,5.253873881,0.1489015408,0,0,0,1
0.77,2.301013554,-0.360295404,0.3839718789,-1.561645174,2.118821586,-0.3534911427,0.3767383705,-1.627633417,-1.813915941,-2.219532978,0.5015676235,0.0003996202053,2.396552978,-0.3826905531,0.3854784079,-1.61815422,5.18699655,0.2375465202,0,0,0,1
0.78,2.282915157,-0.3752483101,0.381488243,-1.542410195,2.153980466,-0.375528734,0.3816344445,-1.622187102,-0.8942092753,-2.216027679,0.4980192531,0.01458603468,2.447998111,-0.4040819968,0.3975307287,-1.618039753,2.696606952,0.3468635832,0,0,0,1
0.79,2.408888867,-0.4115788845,0.4028717008,-1.548261032,2.222207353,-0.4026893653,0.3939297388,-1.617390497,0.4374124211,-2.327146668,0.7150443557,0.02667763317,2.503597033,-0.4214707187,0.4115082601,-1.617932543,5.583548283,0.2602237998,0,0,0,1
0.8,2.477884802,-0.4404733237,0.4141309602,-1.54733796,2.300080758,-0.431185329,0.4069525693,-1.612778718,1.705710062,-2.443246602,0.8892668618,0.03794960027,2.560536471,-0.4332374521,0.4269360925,-1.617832915,4.972927602,0.2330016904,0,0,0,1
0.81,2.604860907,-0.4804187945,0.4346580622,-1.523348484,2.401288901,-0.4645461548,0.4243103412,-1.606919095,3.157813669,-2.641654597,1.140410313,0.05214059704,2.61560972,-0.4376594767,0.4429657382,-1.61774105,6.83295482,0.3796951351,0,0,0,1
0.82,2.72926533,-0.5202226051,0.4511759484,-1.538677743,2.51955535,-0.5014962664,0.4426715725,-1.602275998,4.653700186,-2.875733831,1.346815021,0.06279826797,2.665366388,-0.4331324203,0.4584040183,-1.617656971,6.9164354,0.2197382891,0,0,0,1
0.83,2.835720349,-0.5562546227,0.4652958267,-1.536620448,2.644951093,-0.5396139712,0.4602596446,-1.597731275,6.014480245,-3.083741976,1.469045237,0.07291445916,2.706319858,-0.4185015225,0.4717609006,-1.61758053,5.581889357,0.2027494092,0,0,0,1
0.84,3.087889575,-0.6240371851,0.5105204766,-1.469297545,2.817052472,-0.5897422768,0.4909555055,-1.589385671,7.946393892,-3.512428329,1.943895148,0.09256977805,2.73520532,-0.3934987546,0.4813095987,-1.61751141,13.40022354,0.7824389964,0,0,0,1
0.85,3.283143034,-0.6855374137,0.5388407103,-1.462284669,3.009594017,-0.6467080674,0.5231942615,-1.581004425,9.897651941,-3.997795158,2.323640909,0.1117989306,2.749365806,-0.3593389252,0.4853966529,-1.617449094,13.10749221,0.7642602757,0,0,0,1
0.86,3.157023672,-0.08610339752,0.5063070547,-1.713809406,3.12274174,-0.4704762753,0.5283764673,-1.587730612,10.14218908,0.806865814,1.788007169,0.0915738642,2.747376043,-0.3195494139,0.4832223495,-1.617392793,67.36569299,0.8614717675,0,0,0,1
0.87,2.966768016,-0.09750163282,0.4800062303,-1.71548469,3.148882524,-0.3310414628,0.5164462511,-1.594289236,8.843144383,3.726113688,0.9035928488,0.07230405811,2.729457654,-0.2792813239,0.4752763625,-1.617341534,35.19082132,0.7956222835,0,0,0,1
0.88,2.877406803,-0.1099836951,0.4643368435,-1.693810297,3.132051065,-0.2276135388,0.4979689483,-1.599344092,7.026736223,5.196486735,0.08732780837,0.05740624161,2.697263606,-0.242879575,0.4628935474,-1.617294413,20.79463919,0.4831469393,0,0,0,1
0.89,2.698954625,-0.1196722242,0.4390195273,-1.703027008,3.05509842,-0.1554971505,0.4719241347,-1.604735276,4.486319676,5.644298312,-0.7112805728,0.04202076636,2.653404837,-0.2128643343,0.4476840599,-1.617250714,23.92797453,0.5228366903,0,0,0,1
0.9,2.586235248,-0.1314950788,0.4189257896,-1.683146516,2.949710846,-0.1107328955,0.4441644646,-1.608794521,1.893604504,5.384771021,-1.323833615,0.03046207988,2.601071119,-0.1904038595,0.4312495666,-1.617209895,22.0540657,0.2990446672,0,0,0,1
0.91,2.535898599,-0.1455063419,0.4097254746,1.483056702,2.842079971,-0.08878880165,0.4213865866,-1.6084899,-0.290424057,4.675801767,-1.606853608,0.03046207988,2.543682986,-0.1757209364,0.4149632365,-1.617171571,475.370078,460.1058584,0,0,1,1
0.92,2.367709962,-0.1558126279,0.3887408668,-1.674780719,2.701285017,-0.0829922478,0.3978589061,-1.612132358,-2.669855061,3.765547016,-1.82815218,0.02027831061,2.48466826,-0.16843529,0.3998859852,-1.617135471,18.61922836,0.2128620021,0,0,0,1
0.93,2.258495237,-0.1649102263,0.369803964,-1.684038015,2.552891277,-0.08838321915,0.375179692,-1.616165346,-4.769817436,2.808959427,-1.958623313,0.009354746143,2.427322135,-0.1678367439,0.3868037783,-1.617101385,15.17244568,0.2497036888,0,0,0,1
0.94,2.255605593,-0.1814055801,0.3725296484,-1.625519937,2.432195651,-0.1038939288,0.3632141432,-1.616622134,-6.029455565,1.840063785,-1.732532161,0.007935809953,2.37457033,-0.1730691554,0.376141906,-1.617069196,7.413842582,0.004289167654,0,0,0,1
0.95,2.19672311,-0.1926962093,0.3630579583,-1.668706728,2.320666374,-0.1240863415,0.3536143238,-1.619557152,-6.91355778,0.9824404376,-1.503331261,0.0001638605833,2.328822343,-0.1832510337,0.367930727,-1.61703889,4.750473739,0.1308079684,0,0,0,1
0.96,2.212954089,-0.2114430952,0.3676266875,-1.632529786,2.240248175,-0.1492471541,0.3516505348,-1.620299656,-7.108249779,0.2049911734,-1.115583451,-0.001755123271,2.292002705,-0.1975588668,0.3619649133,-1.617010523,2.952447649,0.008095767157,0,0,0,1
0.97,2.160275916,-0.2229234282,0.360252704,-1.63830771,2.166565668,-0.1744586692,0.3493851008,-1.621341808,-7.153115333,-0.4008183137,-0.8518222424,-0.004398314269,2.265619956,-0.2152719201,0.3579767993,-1.616984214,1.577428218,0.01557270929,0,0,0,1
0.98,2.188924935,-0.2434707269,0.3653609082,-1.633479708,2.122494869,-0.2018682472,0.3518883226,-1.622070017,-6.679261675,-0.9208493095,-0.5248370372,-0.006164353117,2.250826646,-0.2357816221,0.3557694053,-1.616960135,2.206950335,0.007040196965,0,0,0,1
0.99,2.138569673,-0.2542290677,0.3571429895,-1.620802813,2.079938683,-0.2266115782,0.3513659463,-1.622056946,-6.261039773,-1.266067929,-0.3846258177,-0.00597138254,2.248458856,-0.2585715918,0.3553061732,-1.616938499,0.9686803179,8.502811033e-05,0,0,0,1
1,2.104628391,-0.2667350602,0.3523417558,-1.633029809,2.042861155,-0.2491588664,0.3496894474,-1.622726677,-5.820446642,-1.485770351,-0.3202532011,-0.00754815192,2.259047528,-0.2831721665,0.3567392399,-1.616919544,0.7110203548,0.00573671554,0,0,0,1
1.01,2.148155231,-0.2890768982,0.3607613371,-1.603643427,2.032475495,-0.2730382881,0.3529098986,-1.621737082,-4.995289168,-1.686252977,-0.1296955536,-0.004792710081,2.28273112,-0.3090701008,0.3602925705,-1.616903534,2.300867993,0.01768629926,0,0,0,1
1.02,2.160162481,-0.3059325602,0.3602749433,-1.616999767,2.034477361,-0.2956722451,0.3555105358,-1.621520347,-4.09876208,-1.814506916,-0.01406142003,-0.00410733998,2.319150114,-0.3356091243,0.366137566,-1.61689074,2.382637738,0.001103677127,0,0,0,1
1.03,2.254776313,-0.3396067979,0.3778442228,-1.5861861,2.069908844,-0.3231015284,0.3654825596,-1.61961424,-2.780080185,-2.020822785,0.2859612404,0.0009403788066,2.36742069,-0.3619177166,0.3743701145,-1.61688143,5.703460849,0.06033322109,0,0,0,1
1.04,2.285082002,-0.359055768,0.3834791555,-1.581165297,2.113171213,-0.3489783205,0.3751532774,-1.617498443,-1.553819845,-2.146790879,0.4880337322,0.006406893934,2.426150352,-0.3868702142,0.385023067,-1.61687585,4.607390477,0.07125660246,0,0,0,1
1.05,2.363656678,-0.3908448714,0.3947570282,-1.554971698,2.175437587,-0.3777897404,0.3866586283,-1.614025839,-0.2112304245,-2.309980016,0.6845852348,0.01526299334,2.493473794,-0.4090856712,0.3981255622,-1.616874196,5.567335515,0.1881979414,0,0,0,1
1.06,2.384987407,-0.4093033816,0.3969777884,-1.562384252,2.235230607,-0.4039185234,0.3950673459,-1.611074413,0.85700285,-2.377290744,0.7309524616,0.02254357216,2.567053571,-0.4269426904,0.4136825823,-1.616876579,3.326866953,0.1279084475,0,0,0,1
1.07,2.548103903,-0.4616714846,0.4242673091,-1.538769363,2.332800935,-0.4399242501,0.412226791,-1.606945092,2.392784828,-2.649131174,1.023180797,0.0327112949,2.644027747,-0.4386150363,0.431496725,-1.616883003,7.66665867,0.2507183843,0,0,0,1
1.08,2.590310249,-0.4872851119,0.4312543663,-1.554708765,2.425044909,-0.4739285999,0.4264163821,-1.60381598,3.571642381,-2.816087574,1.140600666,0.04001821397,2.721003499,-0.4422003158,0.4510141268,-1.616893343,4.174162466,0.1300569843,0,0,0,1
1.09,2.776986277,-0.5346421344,0.4593944255,-1.561559807,2.553248393,-0.5138084328,0.4475290398,-1.601163501,5.167591625,-3.076508844,1.428578467,0.04589900221,2.794133859,-0.4359800317,0.4712684449,-1.616907337,7.988012163,0.08457407598,0,0,0,1
1.1,2.882817616,-0.5766602828,0.4784229148,-1.536400963,2.686200425,-0.5561247554,0.4692878757,-1.597254289,6.570085706,-3.333202937,1.650289629,0.05491889108,2.859234846,-0.4187654074,0.4908184905,-1.616924589,6.225829138,0.1996471822,0,0,0,1
1.11,3.084943956,-0.6300499983,0.5064739887,-1.543064536,2.849307064,-0.6040703416,0.4950974855,-1.593834691,8.250912013,-3.657948645,1.926402049,0.06243234388,2.911995213,-0.3903684258,0.5077702573,-1.616944575,8.867860524,0.1389459078,0,0,0,1
1.12,3.248497184,-0.6795085296,0.5305901019,-1.520762982,3.024436628,-0.6546389606,0.5216637983,-1.589343135,9.849162918,-3.968818257,2.143047116,0.07256754648,2.948286385,-0.3522364034,0.5199222516,-1.616966624,7.979662231,0.2534924947,0,0,0,1
1.13,3.920911852,-0.06364421403,0.6182509769,-1.738838228,3.356316414,-0.4672812887,0.5769121207,-1.596617981,13.87649011,1.076645176,3.146358191,0.05157432556,2.964582508,-0.3082279822,0.5250379854,-1.616989897,124.6241018,1.090022182,0,0,0,1
1.14,3.495524923,-0.07218063839,0.5568671275,-1.720744516,3.495211058,-0.3181545254,0.5851986717,-1.602726584,13.87872895,4.151318765,2.458739938,0.0341713855,2.958914456,-0.2638259091,0.5217983154,-1.617013482,30.65886812,0.7505114246,0,0,0,1
1.15,3.241466242,-0.08049348141,0.5191964413,-1.709318977,3.51919355,-0.2060281095,0.5690239524,-1.608057145,11.89766664,5.720501616,1.24940571,0.01925224764,2.931787639,-0.2236290795,0.5107646158,-1.617036597,29.57861347,0.5524665069,0,0,0,1
1.16,3.04161495,-0.09137487885,0.4879985921,-1.72855895,3.463694281,-0.1281417361,0.5394375904,-1.614255498,8.88692398,6.180087332,0.0009600237937,0.002423939703,2.885812769,-0.1903088639,0.4938896983,-1.617058674,38.4963135,0.703866243,0,0,0,1
1.17,2.814221369,-0.09954630926,0.4548983303,-1.682765201,3.336618839,-0.07829482353,0.5014032039,-1.617854327,5.160599974,5.91444376,-1.127732421,-0.00712676659,2.824781154,-0.1650945067,0.47349931,-1.617079348,48.82362972,0.2269692933,0,0,0,1
1.18,2.741886844,-0.1132853918,0.4433738068,-1.697363189,3.19918883,-0.05303898805,0.469089106,-1.622118886,1.898609885,5.161363713,-1.751853329,-0.01819241124,2.753033749,-0.1481988731,0.4517413916,-1.617098448,34.44309412,0.3049605301,0,0,0,1
1.19,2.552966917,-0.1219074799,0.4150075131,-1.658278731,3.023619962,-0.04479891736,0.4351184934,-1.624197426,-1.458614916,4.197506681,-2.239955108,-0.02320252134,2.675022696,-0.1391724683,0.4303470527,-1.617115972,35.78968719,0.06255992408,0,0,0,1
1.2,2.496521823,-0.1337904328,0.4023532234,1.470303673,2.859138214,-0.04997182015,0.4080547366,-1.624429452,-4.045201263,3.149774023,-2.378333185,-0.02320252134,2.595060715,-0.1371841974,0.4106369297,-1.617132048,484.6953373,462.9137737,0,0,1,1
1.21,2.308671971,-0.1546673893,0.3790415973,-1.658754673,2.669521129,-0.06750367131,0.381918177,-1.626548608,-6.619181719,2.060227548,-2.44814896,-0.0281901956,2.517142109,-0.1412208722,0.3935482831,-1.617146893,21.79498323,0.05602080004,0,0,0,1
1.22,2.263785309,-0.1687750586,0.370284866,-1.651651497,2.504022071,-0.09077591443,0.3632179118,-1.628199107,-8.332819447,1.085238246,-2.276631069,-0.0318061101,2.444786338,-0.1502427897,0.3796424228,-1.617160763,11.05435551,0.02969956482,0,0,0,1
1.23,2.183088104,-0.177695381,0.3602943011,-1.630486844,2.351200752,-0.1151213976,0.349380112,-1.628625376,-9.531987194,0.3030634531,-2.011739202,-0.03209192914,2.380886031,-0.1633153257,0.3691027564,-1.617173974,6.235495324,0.0001870657625,0,0,0,1
1.24,2.156997411,-0.194534756,0.3566582071,-1.642538318,2.226960197,-0.1417706006,0.341589717,-1.629690408,-10.03104017,-0.3564884904,-1.646020737,-0.03405709646,2.327642372,-0.1796660838,0.3617722462,-1.617186906,2.941105202,0.008909647655,0,0,0,1
1.25,2.176564747,-0.2108356028,0.3612752745,-1.612593035,2.14124854,-0.1689155277,0.3413938211,-1.629079453,-9.77912541,-0.8804894293,-1.16348967,-0.03154437114,2.286584029,-0.1986780701,0.3572339378,-1.617199984,2.750238194,0.01466781783,0,0,0,1
1.26,2.151708734,-0.2240638757,0.3575579238,-1.606507193,2.075117844,-0.1944040653,0.3422674876,-1.628149881,-9.232793372,-1.251237059,-0.7923844832,-0.02825664816,2.258655471,-0.2198749782,0.3549494154,-1.617213661,2.298843712,0.02527303149,0,0,0,1
1.27,2.206799781,-0.2483844505,0.367203048,-1.60255733,2.048306609,-0.2218449212,0.349129209,-1.627029064,-8.102242507,-1.582981176,-0.3537249647,-0.02455051172,2.244353303,-0.2428889331,0.3544254383,-1.617228394,5.373155064,0.03230658123,0,0,0,1
1.28,2.19191257,-0.2622678895,0.3635431949,-1.597121738,2.032981781,-0.2465282693,0.3536693784,-1.625643716,-6.96857007,-1.779726428,-0.1140833673,-0.0202431619,2.243848809,-0.267417137,0.3553472572,-1.617244621,4.164557314,0.04387849038,0,0,0,1
1.29,2.156686372,-0.277382081,0.359785108,-1.61606911,2.019857398,-0.2690258906,0.3557937407,-1.62531873,-5.992552539,-1.884178807,-0.01721123717,-0.01884992961,2.257102681,-0.293181869,0.3576946358,-1.617262746,2.753468887,0.004613974142,0,0,0,1
1.3,2.158386329,-0.2941344572,0.3605462615,-1.585889452,2.017974319,-0.290123719,0.3578375385,-1.623375344,-4.990976777,-1.934313035,0.04853058631,-0.01321710532,2.283857954,-0.319853901,0.3617005437,-1.617283147,2.902640161,0.07577080439,0,0,0,1
1.31,2.197511915,-0.3175083275,0.3660848089,-1.586507824,2.035171566,-0.3123617814,0.3618154529,-1.621521141,-3.832983539,-1.99864486,0.1521496155,-0.007967405443,2.323517247,-0.3469478344,0.3676888533,-1.617306173,3.885295056,0.0660960162,0,0,0,1
1.32,2.225958542,-0.3376347171,0.3709916578,-1.574714658,2.063852069,-0.3342513654,0.3667812964,-1.619089178,-2.676658559,-2.040936756,0.2543368229,-0.001327580307,2.375053549,-0.373736575,0.375968678,-1.617332125,3.905823449,0.1061505471,0,0,0,1
1.33,2.302387475,-0.3718754055,0.3815568711,-1.561943623,2.114678987,-0.3608580151,0.3748287234,-1.616046812,-1.337711326,-2.178654137,0.4176317385,0.006752979348,2.43696593,-0.3991912779,0.3867734819,-1.617361235,5.396156706,0.1577793383,0,0,0,1
1.34,2.392588485,-0.4045317831,0.4009924588,-1.533427784,2.186495161,-0.390523958,0.3888985987,-1.611574688,0.1323771524,-2.35375195,0.7111547085,0.01840483203,2.507250565,-0.4219607006,0.4002008542,-1.617393648,7.082309063,0.3291400047,0,0,0,1
1.35,2.380187136,-0.4176908186,0.396192894,-1.562841994,2.244081318,-0.4153680403,0.396092376,-1.608804975,1.103236334,-2.382786679,0.7135943224,0.02524742065,2.583424005,-0.4404231941,0.416229973,-1.617429387,2.734479832,0.113849003,0,0,0,1
1.36,2.533911334,-0.4625342163,0.4171553737,-1.540285594,2.336654292,-0.4475976984,0.4094949995,-1.60492281,2.510294543,-2.569493152,0.8995147606,0.0348565479,2.662492376,-0.4527448443,0.4346482857,-1.617468333,6.088159315,0.2251317727,0,0,0,1
1.37,2.664607129,-0.5042588536,0.4405643494,-1.538702705,2.450332465,-0.4844404705,0.4284227548,-1.60107746,4.038741507,-2.817222942,1.194196265,0.04411748701,2.740877058,-0.4569589761,0.4547833582,-1.617510231,7.539446912,0.209628628,0,0,0,1
1.38,2.826532268,-0.5532908059,0.4659774385,-1.50300111,2.588935727,-0.527256818,0.451889533,-1.595460998,5.733546227,-3.14264779,1.536115538,0.05782934315,2.81451643,-0.4512092805,0.475401897,-1.617554676,9.635609014,0.4605784382,0,0,0,1
1.39,2.971199923,-0.5964605531,0.4891522877,-1.508995925,2.741303867,-0.5722831085,0.4771056308,-1.590336443,7.373422454,-3.444865847,1.828492863,0.0698795516,2.879106676,-0.4341556248,0.4948222301,-1.617601088,8.739728906,0.3564324034,0,0,0,1
1.4,3.147744641,-0.6470001661,0.5136655167,-1.476756439,2.912345566,-0.6212283906,0.5036136417,-1.583670176,9.052552379,-3.76701304,2.072456012,0.08570333456,2.93037985,-0.4054922958,0.5110489087,-1.617648672,9.195142293,0.615742441,0,0,0,1
1.41,3.466123278,-0.7277786911,0.5613241256,-1.444646501,3.138359558,-0.6836953823,0.540980555,-1.575517707,11.39053043,-4.3180544,2.566202853,0.1050564608,2.964440216,-0.3665840789,0.5219394871,-1.617696394,18.83080595,0.9225528,0,0,0,1
1.42,3.693679436,-0.06504173456,0.5860857405,-1.763022674,3.381366431,-0.4886156172,0.5753913142,-1.584412103,13.61829668,0.9766191336,2.825760987,0.07866385816,2.978317692,-0.3213120473,0.5256669981,-1.61774293,93.89507239,1.718265876,0,0,0,1
1.43,3.445766946,-0.07702656161,0.551620948,-1.758828763,3.496555013,-0.3341931948,0.5802381811,-1.592856625,13.25601928,4.191202048,2.131208946,0.05415556538,2.970784682,-0.2753263413,0.5215530916,-1.617786785,34.27471361,1.483615623,0,0,0,1
1.44,3.180230252,-0.08456411209,0.5106501761,-1.78278543,3.497828758,-0.2175030319,0.5606484539,-1.60234099,10.99055093,5.852938546,0.9177301416,0.02752648942,2.942780238,-0.2334029867,0.5104607666,-1.617826593,35.04264326,1.753536597,0,0,0,1
1.45,3.001421106,-0.0953746467,0.4843175557,-1.753167214,3.430404417,-0.1360780065,0.5313500999,-1.610012285,7.930561357,6.361730543,-0.2237690867,0.006411890149,2.896955912,-0.1983137375,0.4942310473,-1.61786129,37.88669307,1.103618521,0,0,0,1
1.46,2.865632327,-0.1063241841,0.4670414056,-1.728147957,3.321335095,-0.08465155498,0.5011826602,-1.616159279,4.679978679,6.090822679,-1.052391405,-0.01009788976,2.836912167,-0.171333056,0.4748712766,-1.617890125,35.52797732,0.6753591023,0,0,0,1
1.47,2.759475163,-0.1176465036,0.4488898389,-1.722361246,3.190118729,-0.05754847135,0.4718642202,-1.621831368,1.608146312,5.339597276,-1.609989105,-0.02491205797,2.766677058,-0.1526860899,0.4541663113,-1.617912621,30.72238613,0.544199974,0,0,0,1
1.48,2.612396481,-0.1290286349,0.4202879607,1.494582748,3.03252901,-0.04910790767,0.4398012223,-1.622080488,-1.388709573,4.340588185,-2.083584004,-0.02491205797,2.690417873,-0.1419279955,0.4336511254,-1.617928538,499.0378147,469.5872645,0,0,1,1
1.49,2.435550886,-0.1360192428,0.3999865914,-1.713327285,2.848103897,-0.05261622394,0.4104255999,-1.627350714,-4.331499838,3.298050449,-2.336943042,-0.03825492821,2.612244565,-0.138243961,0.4146035506,-1.6179378,27.9691869,0.3991667445,0,0,0,1
1.5,2.370453022,-0.1486974666,0.3889747161,-1.717237896,2.677757653,-0.06609794841,0.3879194474,-1.632655061,-6.52354075,2.265556472,-2.311331235,-0.0513222643,2.535961143,-0.1406615168,0.3979237984,-1.61794043,16.69988977,0.3862528327,0,0,0,1
1.51,2.259951043,-0.1615663662,0.3737134434,-1.671439319,2.509404909,-0.08596701741,0.3688141077,-1.635265878,-8.302925189,1.320564612,-2.192422338,-0.05688710039,2.46483439,-0.1481849112,0.3840945565,-1.617936602,11.45533935,0.07063239957,0,0,0,1
1.52,2.229668664,-0.1755908591,0.36902616,-1.689756814,2.368844296,-0.1097799869,0.3568504228,-1.63878089,-9.295681713,0.4979287093,-1.896912179,-0.06469802715,2.401489757,-0.1598864642,0.373251053,-1.617926666,5.431541933,0.1402411797,0,0,0,1
1.53,2.198729091,-0.1885824564,0.3648082722,-1.649793351,2.253320782,-0.1349621322,0.3499974825,-1.639992513,-9.685090811,-0.1723253438,-1.53744821,-0.06619422102,2.347880305,-0.1749647537,0.3652536328,-1.617911112,2.671318397,0.005183183485,0,0,0,1
1.54,2.202138042,-0.2055457519,0.3594030998,1.536125935,2.169826551,-0.1614751175,0.3457731657,-1.640654455,-9.454609059,-0.7232082741,-1.206644095,-0.06619422102,2.30533119,-0.1927643776,0.3598065031,-1.617890551,467.4266996,465.5917834,1,0,1,1
1.55,2.204392804,-0.222810162,0.3675441142,-1.613603521,2.113042254,-0.1881842665,0.3489323492,-1.639733948,-8.802994599,-1.156031968,-0.7549288893,-0.06201013067,2.27465158,-0.2127692369,0.356569167,-1.617865659,3.311207338,0.03694639236,0,0,0,1
1.56,2.126466091,-0.2329023819,0.353858584,-1.625533007,2.054684737,-0.2116813926,0.3469966033,-1.639512481,-8.290969566,-1.421294334,-0.5883857895,-0.0597883157,2.256267429,-0.2345862859,0.3552798821,-1.617837129,1.148292826,0.01057093787,0,0,0,1
1.57,2.15444358,-0.250524268,0.3519358179,1.557326966,2.025200543,-0.2347611115,0.3459827439,-1.640110365,-7.369063431,-1.61833379,-0.4439022312,-0.0597883157,2.250268528,-0.2579004271,0.3558399202,-1.617805652,461.000453,458.370667,1,0,1,1
1.58,2.192744625,-0.2707515051,0.3662062015,-1.610302807,2.022064399,-0.2580749894,0.3526409624,-1.638903645,-6.151580843,-1.776790236,-0.114668287,-0.05504191014,2.25636155,-0.2823948055,0.3581848018,-1.617771925,5.067894796,0.04436842282,0,0,0,1
1.59,2.167771264,-0.2874885251,0.362828324,-1.584998466,2.021155498,-0.2800353198,0.3565941973,-1.636248211,-5.10575294,-1.869955302,0.03663653658,-0.04662809473,2.273906609,-0.3076823673,0.3622402618,-1.617736647,3.381355718,0.1423895687,0,0,0,1
1.6,2.196736841,-0.3073014781,0.3667909688,-1.598718723,2.036383578,-0.3018188507,0.3613838966,-1.634494908,-3.961933816,-1.938488145,0.1678684072,-0.0408134903,2.301967543,-0.3332489173,0.3680351218,-1.617700489,3.849513385,0.06935426802,0,0,0,1
1.61,2.225460611,-0.3292262004,0.3735467998,-1.579923836,2.06365161,-0.3240918207,0.3677801072,-1.631714963,-2.807730748,-2.00266789,0.3078284122,-0.03247471843,2.339265182,-0.3583853139,0.3756626259,-1.617664078,4.008380367,0.1452773018,0,0,0,1
1.62,2.27370877,-0.3586184036,0.3815877365,-1.581425316,2.105222056,-0.3493384651,0.3756862159,-1.629125277,-1.605894745,-2.118667122,0.4510607495,-0.02486151668,2.384132998,-0.3821292963,0.3851834877,-1.617627984,4.331104107,0.1231788094,0,0,0,1
1.63,2.395561718,-0.3943560589,0.3909287527,1.615108048,2.178776237,-0.3791042684,0.3850258107,-1.629373893,-0.05953782933,-2.309314503,0.5943275829,-0.02486151668,2.434505521,-0.4032491621,0.3965849416,-1.617592713,451.0633233,444.1617092,1,0,1,1
1.64,2.396177237,-0.4116476127,0.3989263244,-1.548541672,2.241938777,-0.4055994852,0.3945495612,-1.624751574,1.040663662,-2.384916097,0.7005534287,-0.01217888061,2.487981049,-0.420300524,0.4097330171,-1.617558711,3.780549987,0.3152633966,0,0,0,1
1.65,2.411412701,-0.4304815156,0.4004312726,-1.54867449,2.298868201,-0.4298204791,0.4010494151,-1.620338239,1.843457119,-2.393179052,0.685550857,-0.0003926178862,2.541905772,-0.4317141194,0.4242854539,-1.617526373,2.070748167,0.2786069815,0,0,0,1
1.66,2.601438878,-0.4817864098,0.4330969892,-1.508338269,2.400404734,-0.4638445601,0.4192404591,-1.613734858,3.277457856,-2.617452173,1.021854551,0.01675265281,2.593308142,-0.4358521072,0.4394858893,-1.617495987,7.326797441,0.6022871708,0,0,0,1
1.67,2.690434856,-0.5138371244,0.4452727735,-1.54675808,2.508419452,-0.4985935771,0.4365746394,-1.609659143,4.575795632,-2.807996513,1.232961848,0.02688153098,2.638906416,-0.4311636868,0.4540522383,-1.617467682,5.341582831,0.2144067796,0,0,0,1
1.68,2.906610642,-0.5719036538,0.4784753657,-1.527627634,2.657254393,-0.5429563824,0.462210207,-1.60464538,6.354483757,-3.169837406,1.627723952,0.03916741297,2.67536242,-0.4165313307,0.4663345835,-1.617441402,10.67556562,0.3212846129,0,0,0,1
1.69,3.024533052,-0.6129741026,0.4959910886,-1.515814996,2.809632982,-0.5884497211,0.4863634643,-1.599159942,7.887391809,-3.476392174,1.86139036,0.0523474407,2.699646171,-0.3917541458,0.4745873703,-1.617416918,7.585649441,0.376067325,0,0,0,1
1.7,3.203316122,-0.6632634614,0.5240119587,-1.474933074,2.980579901,-0.6376315775,0.5135422583,-1.591562312,9.476196073,-3.796790723,2.115494304,0.07064354656,2.709482707,-0.3581678336,0.4773639811,-1.617393822,8.531404701,0.736093491,0,0,0,1
1.71,3.125509265,-0.08828078858,0.4988815347,-1.713017751,3.090014441,-0.4641647541,0.5185814223,-1.597794846,9.729384918,0.9017588463,1.637369913,0.05270113939,2.703834436,-0.3193653656,0.4740407276,-1.617371483,63.98337985,0.7181554146,0,0,0,1
1.72,2.922957107,-0.09840297762,0.4717445934,-1.696049646,3.109992872,-0.326719258,0.506512627,-1.602843108,8.395236301,3.755712351,0.793535411,0.03828530529,2.683224571,-0.2804405296,0.4651241994,-1.617349123,33.53346811,0.4697505474,0,0,0,1
1.73,2.872352683,-0.1141772039,0.4658261524,-1.711037701,3.099888298,-0.2261675594,0.4925698836,-1.608551635,6.772197386,5.155591795,0.1444540331,0.02253258868,2.64959555,-0.2456393359,0.4519548809,-1.617326028,16.57944405,0.5677385373,0,0,0,1
1.74,2.550333206,-0.1267471448,0.4127179121,-1.674020828,2.987073782,-0.1573804227,0.4574338786,-1.611991051,3.656874305,5.538507769,-0.9408209002,0.0130523504,2.605901317,-0.2173912403,0.436294075,-1.617301661,36.6623241,0.2079089976,0,0,0,1
1.75,2.512171177,-0.1430970923,0.4114062025,-1.68794786,2.874051286,-0.116791974,0.4315482089,-1.616082447,1.075539947,5.209693791,-1.429675696,0.002125765486,2.555662529,-0.1967866836,0.419990457,-1.617275649,20.93241615,0.2789820156,0,0,0,1
1.76,2.371836203,-0.1497896917,0.3887938531,-1.710905307,2.73477699,-0.09532911211,0.4044465424,-1.621297563,-1.513360353,4.528936546,-1.809572914,-0.01143421629,2.502461158,-0.184000007,0.4045535936,-1.617247762,21.4523032,0.4336105761,0,0,0,1
1.77,2.273156846,-0.1641792299,0.366718624,1.467993948,2.589058408,-0.09112996062,0.3775170248,-1.621411905,-3.766724203,3.61582068,-2.07165455,-0.01143421629,2.449633318,-0.1786249676,0.3910353656,-1.617217919,477.1522415,460.2016141,0,0,1,1
1.78,2.281020267,-0.1800433474,0.3786208956,-1.658573836,2.472315147,-0.09999752749,0.3666188923,-1.623664069,-5.131253601,2.615247932,-1.780360983,-0.01697059539,2.400082027,-0.1799139328,0.3799658479,-1.61718617,8.673725124,0.06598584877,0,0,0,1
1.79,2.255212605,-0.195163213,0.3737107232,-1.645639253,2.372513614,-0.1175195875,0.3600173473,-1.625083015,-5.967975811,1.644702613,-1.448017108,-0.02020447657,2.356167927,-0.1869618388,0.3713426363,-1.617152633,5.436409978,0.02286931598,0,0,0,1
1.8,2.228957564,-0.210611376,0.3629650423,1.523255392,2.288302358,-0.1405065346,0.3533790975,-1.62528506,-6.391289367,0.7683920966,-1.215362278,-0.02020447657,2.319787661,-0.1988486582,0.3649637542,-1.617117484,475.8488985,472.8003685,1,0,1,1
1.81,2.186972702,-0.2231766312,0.3642923159,-1.632842789,2.213446095,-0.16535006,0.3516047347,-1.625926545,-6.580127262,0.04555995634,-0.9074294536,-0.02134019051,2.29246725,-0.2147251005,0.3606385042,-1.617080949,2.284657351,0.002595597037,0,0,0,1
1.82,2.204623705,-0.2428765803,0.3599336365,1.524952302,2.164309571,-0.1929680236,0.3503612609,-1.626139947,-6.292561699,-0.5782970025,-0.6751039531,-0.02134019051,2.275383415,-0.2338423215,0.3581925873,-1.617043277,472.6147194,470.887435,1,0,1,1
1.83,2.180782269,-0.2555532264,0.3632862291,-1.609083182,2.124605768,-0.2191997974,0.3524637266,-1.625280461,-5.891847957,-1.032714865,-0.4124373585,-0.01857673227,2.269377556,-0.2555457267,0.3575088093,-1.617004732,1.566261853,0.01427192494,0,0,0,1
1.84,2.139438991,-0.2674261357,0.3577505848,-1.627837277,2.087257624,-0.2431706543,0.3525740733,-1.625611786,-5.519631988,-1.335908383,-0.2868012929,-0.0189509552,2.274989026,-0.2792470405,0.3585745737,-1.616965582,0.762259918,0.0002692217218,0,0,0,1
1.85,2.168239202,-0.288458118,0.3632633123,-1.616571043,2.071889577,-0.2680239549,0.3558063426,-1.625240987,-4.832358523,-1.591335421,-0.1058175666,-0.01751253834,2.292412025,-0.3043510585,0.3614783065,-1.616926094,1.750122398,0.004082947351,0,0,0,1
1.86,2.196728698,-0.3099220398,0.3679094512,-1.592092144,2.0742113,-0.2932918121,0.3606702778,-1.623414606,-3.95842718,-1.799213266,0.06988015421,-0.01238000681,2.321405275,-0.3301637578,0.3663563408,-1.616886541,2.533027657,0.05325452722,0,0,0,1
1.87,2.226148262,-0.3317854989,0.3732840718,-1.586443849,2.090641698,-0.3186645043,0.3667304031,-1.621332675,-2.991842557,-1.963225699,0.2289403929,-0.006728199844,2.361269781,-0.3558314945,0.3733798326,-1.616847187,2.931208023,0.066029875,0,0,0,1
1.88,2.273395627,-0.3558633571,0.3815349851,-1.580963305,2.122924061,-0.3446207358,0.374651193,-1.619018163,-1.918510774,-2.103758466,0.3960128631,-0.0006281975878,2.410848765,-0.3802995687,0.3827587811,-1.616808257,3.548864293,0.07851076912,0,0,0,1
1.89,2.274581502,-0.373473299,0.380100717,-1.569163677,2.153705679,-0.3684717127,0.3792814967,-1.616113669,-1.056288984,-2.166278294,0.4158956771,0.006825037047,2.468506315,-0.4022813556,0.3947043018,-1.616769914,2.198418186,0.1194368691,0,0,0,1
1.9,2.395517369,-0.4092263368,0.39330068,1.622880331,2.216955382,-0.3970075585,0.3878772055,-1.616045418,0.2174151551,-2.319013023,0.5475256383,0.006825037047,2.53206296,-0.4202359142,0.4092886199,-1.616732243,450.1657059,445.4607639,1,0,1,1
1.91,2.43181324,-0.4327772001,0.4060725924,-1.555571982,2.281333642,-0.4247263128,0.3990760692,-1.612307897,1.290804232,-2.419649115,0.7173341394,0.01620965332,2.598743566,-0.432389649,0.4262079675,-1.616695264,3.62593413,0.1748542614,0,0,0,1
1.92,2.647424332,-0.494456335,0.441611476,-1.538127253,2.397537852,-0.4653148752,0.4221610851,-1.607698058,3.073274558,-2.783917364,1.18940314,0.02757572395,2.665202449,-0.4368428651,0.4446181864,-1.616658941,11.17639004,0.262731121,0,0,0,1
1.93,2.730277292,-0.524600318,0.4522016658,-1.53757531,2.516599213,-0.5044747057,0.4422204198,-1.603267911,4.597466007,-3.035487517,1.431652095,0.03818661025,2.727654556,-0.4318143151,0.4631950688,-1.616623135,7.315936295,0.2341035946,0,0,0,1
1.94,2.864991116,-0.5691904211,0.4738748926,-1.545144598,2.651022562,-0.5471994834,0.4643384038,-1.599484604,6.123729449,-3.310374239,1.663106609,0.04687237696,2.782134959,-0.416043753,0.4803135549,-1.616587555,7.254117652,0.1600852323,0,0,0,1
1.95,3.110241499,-0.6345896803,0.5128987471,-1.523889893,2.828658493,-0.5998463494,0.4953365116,-1.594630327,8.132294914,-3.744665875,2.089349303,0.05807156095,2.824742021,-0.3892617631,0.4940939845,-1.616551755,13.40342013,0.2711451515,0,0,0,1
1.96,3.237317965,-0.6746978732,0.5294460725,-1.49231043,3.005718332,-0.6507587595,0.5221767661,-1.588160987,9.784322963,-4.043904795,2.265778363,0.07311326506,2.851982554,-0.3528099476,0.502615663,-1.616515125,8.567552768,0.4975386351,0,0,0,1
1.97,3.548111964,-0.07063266829,0.5631982883,-1.756041325,3.233580274,-0.4677943574,0.5530975804,-1.597110986,12.02791536,0.9206163182,2.510926705,0.04837186796,2.861298643,-0.3104441351,0.5044277059,-1.616476863,84.2758705,1.367218271,0,0,0,1
1.98,3.285730328,-0.07976467055,0.5243063592,-1.681817939,3.333933548,-0.3222117257,0.5539535405,-1.601481899,11.68407599,3.951204507,1.791377398,0.0359566932,2.85170106,-0.2675433849,0.499142242,-1.616436065,30.18497783,0.3491776156,0,0,0,1
1.99,3.042874196,-0.08853631694,0.4874600425,-1.773562585,3.331474793,-0.2128008697,0.5338870375,-1.610879645,9.625453206,5.504511417,0.664575098,0.01098205982,2.824174265,-0.2286229717,0.4877446388,-1.616391938,29.7023592,1.431279969,0,0,0,1
2,2.871286222,-0.09995279014,0.4624505743,-1.711236132,3.26498509,-0.136946688,0.505398563,-1.616417013,6.817151815,5.96693514,-0.377790285,-0.003486924668,2.781298937,-0.1963095318,0.4721016592,-1.616343905,31.370802,0.486026877,0,0,0,1
2.01,2.702689531,-0.1095086336,0.4374553634,-1.68656357,3.148762405,-0.08888060353,0.4727485536,-1.620368457,3.635260337,5.709084763,-1.234370557,-0.01353319753,2.726521026,-0.1718189291,0.4542011113,-1.616291636,34.20639505,0.2367883254,0,0,0,1
2.02,2.603935726,-0.1209846317,0.4207714686,-1.698512897,3.015136124,-0.06389991117,0.4425712338,-1.624836309,0.7021184247,4.995525757,-1.763459841,-0.02466024,2.663623843,-0.1553792517,0.4357365096,-1.616235011,27.76569938,0.2932369846,0,0,0,1
2.03,2.552020172,-0.1335725511,0.4180313945,-1.665416825,2.884655183,-0.0570106967,0.421829522,-1.627310894,-1.670607132,4.038502577,-1.855641961,-0.03038993638,2.596375072,-0.1465801579,0.4179306971,-1.616174071,18.32653923,0.07841639495,0,0,0,1
2.04,2.427906603,-0.1453029803,0.3965625226,-1.692159815,2.739248835,-0.06294950229,0.4002535796,-1.631162185,-3.891448729,3.009084103,-1.945225437,-0.03952564994,2.528373588,-0.1446510379,0.401629258,-1.616109004,16.90679437,0.2008721095,0,0,0,1
2.05,2.254914826,-0.1552514689,0.3702838069,-1.697623229,2.570061442,-0.07692007199,0.3760688152,-1.635171364,-6.139427459,2.029941642,-2.085629973,-0.04884642474,2.462994291,-0.1486718872,0.3875171506,-1.616040129,17.06297302,0.2105067187,0,0,0,1
2.06,2.233502724,-0.1683119021,0.3664284912,-1.664621402,2.428189169,-0.09682950434,0.3602593066,-1.637237161,-7.5281493,1.136411669,-1.935901319,-0.0529207594,2.403204046,-0.1577098912,0.3760584775,-1.615967908,7.788292278,0.04046381326,0,0,0,1
2.07,2.238549974,-0.1856404802,0.3681996961,-1.631242431,2.319461208,-0.121528421,0.3531840558,-1.637412497,-8.105298865,0.3350109289,-1.571465542,-0.05200526874,2.351352027,-0.1708932677,0.3673191178,-1.61589295,3.736139777,0.002053730832,0,0,0,1
2.08,2.184844386,-0.1986318413,0.3620626307,-1.630609132,2.222742278,-0.1471415823,0.3485354813,-1.637536806,-8.375629083,-0.3086173081,-1.243156051,-0.05097983961,2.309193148,-0.187456562,0.3610764874,-1.615815966,2.187989609,0.002588482108,0,0,0,1
2.09,2.176858022,-0.2141942084,0.361324049,-1.612763906,2.150062511,-0.1732556785,0.3474520835,-1.63668513,-8.184493478,-0.8203489316,-0.9064777314,-0.04744646607,2.278014639,-0.2067624983,0.3570522523,-1.61573771,1.734383317,0.03085679137,0,0,0,1
2.1,2.15209716,-0.2297685775,0.3510692619,1.550858428,2.092750037,-0.1988505553,0.3440937362,-1.637159595,-7.761163309,-1.206824209,-0.7371788481,-0.04744646607,2.258687337,-0.2282851247,0.3550257886,-1.615658961,463.6763677,462.5425106,1,0,1,1
2.11,2.190355021,-0.2494250218,0.3641280219,-1.58338005,2.066384424,-0.2247810382,0.3490537086,-1.634575217,-6.876866128,-1.514874004,-0.3713190514,-0.03949430603,2.251692151,-0.2515672946,0.3548216149,-1.615580503,3.610297927,0.1417113814,0,0,0,1
2.12,2.181940872,-0.2655129715,0.3568505343,1.564232215,2.051525765,-0.2491397278,0.3505196169,-1.63497016,-5.946599481,-1.719539551,-0.2176650772,-0.03949430603,2.257171884,-0.2761725024,0.356310138,-1.615503099,460.751618,458.0492122,1,0,1,1
2.13,2.167353453,-0.2824557042,0.3639543329,-1.590783332,2.04332833,-0.2721385324,0.3553675272,-1.632740332,-5.061913356,-1.848504198,-0.009259763893,-0.03267589801,2.274995296,-0.3016305906,0.3594848576,-1.615427481,2.650845717,0.09543455885,0,0,0,1
2.14,2.185065707,-0.3019581964,0.3648620149,-1.585943794,2.048968162,-0.2947040383,0.3595887777,-1.630315427,-4.091113188,-1.939181174,0.1187238746,-0.02553350609,2.304743645,-0.3273648116,0.3644596124,-1.615354353,2.873832591,0.1066804903,0,0,0,1
2.15,2.225951012,-0.3300514722,0.3724935486,-1.586806265,2.071785,-0.319839874,0.3660484901,-1.628035045,-2.991428477,-2.066826151,0.2751481003,-0.01895528153,2.34562902,-0.3526123776,0.3714282835,-1.615284377,3.685303092,0.09205902089,0,0,0,1
2.16,2.253422281,-0.3505392822,0.3757198823,-1.55487265,2.103743704,-0.3441193483,0.3719136856,-1.624005736,-1.923753179,-2.147075324,0.3675260626,-0.008014287302,2.3964435,-0.3763791285,0.3806361021,-1.615218158,3.508935639,0.2587268606,0,0,0,1
2.17,2.275593232,-0.3718852467,0.3781251953,-1.589094638,2.140393859,-0.3678563538,0.3767301683,-1.622087278,-0.9593597805,-2.197436485,0.4013839436,-0.002831941523,2.455527314,-0.3974299835,0.392308995,-1.615156227,2.658276231,0.05890068433,0,0,0,1
2.18,2.396439153,-0.4080194631,0.4002967611,-1.555082231,2.208492299,-0.3963786667,0.3895420529,-1.618311853,0.381287749,-2.34294644,0.6624051442,0.007031489394,2.520693602,-0.4142803984,0.4064869858,-1.615099026,5.793373844,0.216249711,0,0,0,1
2.19,2.499695049,-0.4448752527,0.4153925262,-1.555061728,2.296358775,-0.4288322949,0.4048173119,-1.614678538,1.831709861,-2.543483414,0.919069953,0.0162724767,2.589191076,-0.4252378532,0.4228903587,-1.615046908,6.65586838,0.1921723839,0,0,0,1
2.2,2.563952261,-0.471883327,0.4260125913,-1.509680575,2.38758233,-0.4606089603,0.4194096463,-1.608637961,3.089777797,-2.684412998,1.079326148,0.03152245663,2.657802301,-0.4285637553,0.4409634946,-1.615000121,5.179116722,0.5292969967,0,0,0,1
2.21,2.66003583,-0.5074812493,0.440286115,-1.515484193,2.489128484,-0.4946632275,0.4347399932,-1.603145914,4.308880461,-2.84463827,1.213932808,0.04495992264,2.722952456,-0.4227103452,0.4598580669,-1.614958767,4.754706766,0.4152238003,0,0,0,1
2.22,2.824160741,-0.5571615165,0.4660902259,-1.494521547,2.617602683,-0.5353682965,0.4555235466,-1.596695254,5.78228394,-3.11705352,1.470390469,0.06054590252,2.780760619,-0.4066074823,0.4782642788,-1.614922761,7.307864044,0.5639090316,0,0,0,1
2.23,2.990258636,-0.6042690803,0.4916559951,-1.482074825,2.767505511,-0.5801217212,0.4798695356,-1.589795198,7.371208783,-3.41889551,1.756452698,0.07690534639,2.827187213,-0.3800935646,0.4943355556,-1.6148918,8.524121187,0.6266191336,0,0,0,1
2.24,3.171631626,-0.6549158099,0.5188583888,-1.475646341,2.937854574,-0.6289285244,0.5070742491,-1.582794873,9.038768622,-3.743736579,2.042458625,0.09311255778,2.85836092,-0.3445321262,0.5058478661,-1.614865338,9.268426125,0.6198203838,0,0,0,1
2.25,3.757095792,-0.072489218,0.5996581532,-1.731156771,3.241411783,-0.4525702882,0.5599679676,-1.590034088,12.7172047,1.007276799,3.005755783,0.07184419836,2.871024953,-0.303559923,0.5105405452,-1.614842565,108.5211389,1.074930199,0,0,0,1
2.26,3.399980058,-0.07871486655,0.5455432888,-1.715951913,3.37776636,-0.3115357649,0.5700100975,-1.596218639,12.87565768,3.917538028,2.411936253,0.05385882495,2.863430644,-0.2623483914,0.5070638468,-1.614822516,27.09091272,0.7736007506,0,0,0,1
2.27,3.148358225,-0.08734859132,0.5061267868,-1.733720991,3.401769653,-0.205756139,0.55453138,-1.603176909,11.06804348,5.397632374,1.237136829,0.03430774591,2.836189087,-0.2252304898,0.4959287985,-1.61480433,26.73026688,0.9194095833,0,0,0,1
2.28,2.952209234,-0.09720158279,0.4786920391,-1.750133909,3.348595115,-0.1321316516,0.5272110595,-1.610805957,8.240575301,5.834258234,0.05956020975,0.01349679456,2.791955584,-0.1946986273,0.4790742514,-1.614787364,34.4835537,1.047092765,0,0,0,1
2.29,2.737117541,-0.1151756035,0.4467094861,-1.712935598,3.228059164,-0.08868822156,0.4913158106,-1.616187936,4.738629638,5.503165961,-1.023053665,-0.0009195686517,2.73457446,-0.1718529771,0.4589128515,-1.614771222,43.91853262,0.5047888717,0,0,0,1
2.3,2.530533075,-0.1283154058,0.4109401569,-1.695573307,3.057579166,-0.06773374572,0.4495224605,-1.620466495,0.9791464589,4.74589521,-1.959462072,-0.01208738487,2.668461742,-0.1568198292,0.4378348092,-1.614755754,47.9233261,0.3041679337,0,0,0,1
2.31,2.443056835,-0.1391578993,0.4030918422,-1.68494656,2.884776092,-0.06307271168,0.4178525932,-1.624039404,-2.171690149,3.794830364,-2.317711582,-0.0211266745,2.598058125,-0.1491270828,0.4178116981,-1.614741021,31.28000559,0.1999967022,0,0,0,1
2.32,2.362222292,-0.1508625907,0.3822368855,1.463217511,2.716578234,-0.07039015379,0.3890785525,-1.624250671,-4.699353716,2.788924903,-2.483761657,-0.0211266745,2.527418819,-0.1479934987,0.4001613203,-1.614727252,481.1017601,460.3308725,0,0,1,1
2.33,2.247639116,-0.1595360922,0.3728392931,-1.677082495,2.546177271,-0.08463357223,0.3681098915,-1.627420057,-6.828862295,1.852643404,-2.368977132,-0.02887790293,2.460047222,-0.1525239035,0.3855999813,-1.614714789,15.26674211,0.1333298567,0,0,0,1
2.34,2.239981006,-0.1729060244,0.3643776274,1.450759009,2.408307235,-0.1045547372,0.3534002902,-1.627708836,-8.029553537,0.9982523138,-2.102552635,-0.02887790293,2.398818707,-0.1618300767,0.3743310187,-1.614704043,463.0567113,456.4766673,0,0,1,1
2.35,2.199876199,-0.1870051222,0.3665897336,-1.636667234,2.290535605,-0.127848061,0.347770286,-1.628507016,-8.676237992,0.258789049,-1.645796887,-0.03021037139,2.345934682,-0.1750937214,0.3661252364,-1.614695487,4.29395074,0.003609488467,0,0,0,1
2.36,2.228047758,-0.2065376102,0.3709616663,-1.645662082,2.210872855,-0.1545200488,0.3491531172,-1.629791669,-8.553727348,-0.3914304686,-1.116494415,-0.03277727188,2.302988028,-0.1915992293,0.3604925943,-1.614689637,3.391478252,0.01364609553,0,0,0,1
2.37,2.160673878,-0.2163639256,0.3607863724,-1.619324612,2.135671057,-0.1792889994,0.3482465537,-1.629494722,-8.375379221,-0.8548670451,-0.8121478486,-0.03114683544,2.271098321,-0.2107555851,0.3569547541,-1.614687048,1.405263122,0.005601255886,0,0,0,1
2.38,2.151950662,-0.2332285426,0.359709511,-1.626093414,2.08117427,-0.2041783841,0.3489373763,-1.629592824,-7.870522705,-1.217994027,-0.550703701,-0.03059040994,2.251019409,-0.2320902646,0.355237775,-1.614688322,1.602359744,0.0006628838065,0,0,0,1
2.39,2.128234273,-0.2468556503,0.3558957112,-1.60178263,2.039251898,-0.2273373617,0.3490393143,-1.628293637,-7.235800723,-1.461972634,-0.3842961236,-0.02640696023,2.243149768,-0.2551989771,0.355250809,-1.614694082,1.536136394,0.03802990052,0,0,0,1
2.4,2.104950183,-0.2642757412,0.3528546236,-1.614644985,2.007271543,-0.2499918032,0.348642303,-1.627768432,-6.539047228,-1.64052186,-0.2820613679,-0.02435059537,2.247506745,-0.2796762857,0.35701171,-1.614704965,1.527033343,0.009315452409,0,0,0,1
2.41,2.184799775,-0.293553123,0.3655500585,-1.597656223,2.012928081,-0.2761732182,0.3546987554,-1.626300048,-5.313065755,-1.85777067,-0.01869576858,-0.01989135034,2.263683375,-0.3050393812,0.3605513281,-1.614721595,4.885746549,0.04436243899,0,0,0,1
2.42,2.197306153,-0.3124283571,0.368576049,-1.598982586,2.029262165,-0.3011148005,0.3608402117,-1.624955879,-4.114387773,-1.999190128,0.1690561909,-0.01587199532,2.290841672,-0.3306788778,0.3658788817,-1.614744584,4.355206187,0.03646382017,0,0,0,1
2.43,2.225960351,-0.3334672982,0.3745877379,-1.580260687,2.057680521,-0.3255565165,0.3679559797,-1.622612542,-2.914027495,-2.098074899,0.3300116956,-0.00935407568,2.327789179,-0.3558438307,0.3730727437,-1.614774517,4.326381786,0.09692073308,0,0,0,1
2.44,2.272153698,-0.3573891984,0.3741844956,1.611159844,2.09979045,-0.3504439613,0.3725737722,-1.622706082,-1.684539715,-2.184890362,0.3691046152,-0.00935407568,2.373002432,-0.3796073855,0.382307742,-1.614811938,452.3056579,448.0739294,1,0,1,1
2.45,2.279537135,-0.3747044786,0.3814204472,-1.522725317,2.140442806,-0.3731610459,0.3785846684,-1.616965381,-0.6923631301,-2.204183271,0.4379301357,0.005831311351,2.424599728,-0.4008296334,0.3937392962,-1.614857347,3.2532428,0.4811739313,0,0,0,1
2.46,2.375653961,-0.4057981878,0.3959476527,-1.540970885,2.204336911,-0.3990171899,0.3888061663,-1.612513417,0.5296619987,-2.288945745,0.6112569534,0.01725759111,2.480295637,-0.4181383205,0.4073037183,-1.614911178,4.677123009,0.2771768746,0,0,0,1
2.47,2.445318142,-0.4356036529,0.4055892936,-1.555701197,2.278564769,-0.4268375694,0.3997201082,-1.609087075,1.719133873,-2.39852179,0.7537045023,0.02571433496,2.537358674,-0.4299441711,0.4225799722,-1.614973736,4.274314939,0.1542733222,0,0,0,1
2.48,2.577066554,-0.4767314947,0.4297128167,-1.501316916,2.378031642,-0.4601499219,0.4173614049,-1.602695371,3.138873849,-2.605791449,1.053478357,0.04165216014,2.592655604,-0.4345450449,0.4387256466,-1.61504517,6.967890291,0.5560971092,0,0,0,1
2.49,2.687159804,-0.5132229551,0.4487711826,-1.530556223,2.490651489,-0.4959332792,0.437289195,-1.598212579,4.540591304,-2.821912399,1.332150926,0.05221434788,2.642779314,-0.4303417148,0.4544580931,-1.615125477,6.434347958,0.2475760987,0,0,0,1
2.5,2.819111025,-0.5524932912,0.4630795505,-1.545424238,2.618842767,-0.5343551228,0.4562212426,-1.594745109,5.969128881,-3.048639503,1.498604885,0.05986465102,2.684251736,-0.4161672376,0.4681649668,-1.61521446,6.156766855,0.1315211428,0,0,0,1
2.51,3.065752218,-0.6212644775,0.5057063028,-1.487208962,2.791784671,-0.5851537834,0.4867306223,-1.588154574,7.923372357,-3.50002318,1.95915247,0.07543020895,2.713782029,-0.3917153577,0.4780275994,-1.615311745,13.36184981,0.5507587458,0,0,0,1
2.52,3.305265741,-0.6894913923,0.5424517035,-1.441652519,2.998023747,-0.6451154709,0.5225791653,-1.579277587,10.11496646,-4.054722197,2.441467161,0.0965367639,2.728678816,-0.3581425254,0.4823230721,-1.615416777,17.01495935,1.023395123,0,0,0,1
2.53,3.12541723,-0.08588612318,0.5023703419,-1.712546813,3.106849004,-0.4697431278,0.5269148477,-1.585755478,10.24741586,0.7434903603,1.845761892,0.07718804727,2.727524567,-0.3189221243,0.4802227112,-1.615528748,67.60758423,0.8683562916,0,0,0,1
2.54,2.920979166,-0.09712057277,0.4719393272,-1.703908243,3.124990509,-0.3308406697,0.5123301598,-1.591546602,8.7921784,3.664991572,0.8654597407,0.06011892484,2.710614484,-0.2791755649,0.4722755203,-1.615646654,37.68817608,0.6817636906,0,0,0,1
2.55,2.872276183,-0.1119774392,0.4668189999,-1.710554548,3.113285641,-0.2285939606,0.4966120886,-1.597516739,7.073028938,5.12269809,0.1423691998,0.04301786017,2.679668235,-0.2432323124,0.4598736131,-1.615769549,18.83640251,0.6898140062,0,0,0,1
2.56,2.71771779,-0.1221996325,0.440055352,-1.720607432,3.047636606,-0.1575067347,0.4719466453,-1.60384439,4.719678329,5.564036868,-0.6316456303,0.02541936982,2.637315593,-0.2136008298,0.4446393105,-1.615896672,21.28363613,0.7358506495,0,0,0,1
2.57,2.575071104,-0.1360429614,0.413352352,1.49588457,2.94281728,-0.1141699403,0.4421070175,-1.603590196,2.096500611,5.290624106,-1.329533211,0.02541936982,2.586794715,-0.1914496654,0.4282675956,-1.61602746,486.5093993,463.4296092,0,0,1,1
2.58,2.44005641,-0.1445787717,0.3981091503,-1.700086778,2.810606935,-0.09125712536,0.4149966342,-1.608874363,-0.5466808694,4.624103526,-1.739399404,0.01099441409,2.53165128,-0.1770237074,0.4123146354,-1.616161504,22.38718671,0.450248563,0,0,0,1
2.59,2.321237986,-0.1541361963,0.381483619,-1.652160977,2.663612118,-0.08429932833,0.3903496526,-1.611232566,-2.988876748,3.751142677,-1.954581694,0.004568620734,2.475399788,-0.1699811954,0.3979427754,-1.616298491,19.13229211,0.09062000745,0,0,0,1
2.6,2.289461402,-0.1680562183,0.3765900201,-1.672280987,2.533036241,-0.09044449559,0.3734074133,-1.614640359,-4.726325385,2.780996143,-1.877338517,-0.004420432629,2.421240575,-0.1696400148,0.3858300998,-1.616438212,11.22546212,0.1796685067,0,0,0,1
2.61,2.226726456,-0.1808700655,0.3695109034,-1.638054332,2.410009033,-0.1051993254,0.3613280941,-1.615997974,-6.033702061,1.835111892,-1.678738363,-0.007838895115,2.371895446,-0.1751537543,0.3761981451,-1.616580566,7.563776233,0.0262985702,0,0,0,1
2.62,2.236706246,-0.1984016575,0.3713278819,-1.658025607,2.316632647,-0.1270074489,0.356593987,-1.618421129,-6.603826693,0.9426842842,-1.321140663,-0.01394224517,2.329579607,-0.185642762,0.368931273,-1.616725539,4.186654629,0.08476417852,0,0,0,1
2.63,2.186516973,-0.2097564627,0.3641187904,-1.61911555,2.231853508,-0.1507639144,0.352713139,-1.618591414,-6.927217652,0.2052774306,-1.044320803,-0.01402259736,2.296044774,-0.2002839049,0.3637500796,-1.616873188,2.392263636,1.484158729e-05,0,0,0,1
2.64,2.176882834,-0.2258451233,0.3633664598,-1.632126803,2.166764126,-0.1764793741,0.3517626203,-1.619472922,-6.855039693,-0.4117944351,-0.7626908366,-0.01595321838,2.272646262,-0.2183558172,0.3603628059,-1.617023623,1.692836905,0.008647999819,0,0,0,1
2.65,2.217231146,-0.2491744059,0.3710939325,-1.622384579,2.133023036,-0.2052850699,0.3562659545,-1.619784063,-6.254373109,-0.9604111348,-0.4028097013,-0.01634824934,2.260372462,-0.2392351161,0.3585274082,-1.617176987,2.837984421,0.0003651501239,0,0,0,1
2.66,2.191341743,-0.2605114831,0.3658683047,-1.622067261,2.105828229,-0.2313132099,0.358371075,-1.620063817,-5.644394926,-1.325389549,-0.2208488475,-0.01665136935,2.259901991,-0.2623843948,0.3581552776,-1.617333441,1.659256006,0.000216670056,0,0,0,1
2.67,2.105239733,-0.2684259269,0.3528990237,-1.627236745,2.065720457,-0.2531562812,0.3546940991,-1.620613105,-5.362499174,-1.516260121,-0.2644160668,-0.01764988764,2.27168792,-0.2873299842,0.3594481877,-1.617493162,0.3389491348,0.002367753148,0,0,0,1
2.68,2.158607118,-0.2915748186,0.3556140761,1.565129187,2.054946076,-0.2766910194,0.3536536739,-1.620789604,-4.623072488,-1.702307611,-0.2168362975,-0.01764988764,2.295871278,-0.3135664387,0.3627816039,-1.617656339,464.4355822,462.8032102,1,0,1,1
2.69,2.197318656,-0.3124291926,0.3676356313,-1.598531512,2.063876608,-0.3004515305,0.358752382,-1.619683384,-3.671214302,-1.852028388,-0.001236175617,-0.01430369892,2.332108249,-0.340434131,0.3684293137,-1.617823174,2.961907862,0.02421089868,0,0,0,1
2.7,2.2553832,-0.3448810898,0.3798785903,-1.587391616,2.09391214,-0.3282991535,0.3682516266,-1.61798363,-2.519421807,-2.059302591,0.2809550245,-0.009498766194,2.379536826,-0.3670462032,0.3764895136,-1.617993864,4.469480902,0.05062479723,0,0,0,1
2.71,2.303072811,-0.3684574099,0.3868729529,-1.574608147,2.137260253,-0.3559356624,0.3781759149,-1.615623583,-1.336660879,-2.215824435,0.4920357191,-0.003099353356,2.436817105,-0.3922653808,0.3870169369,-1.618168569,4.388707792,0.09096736199,0,0,0,1
2.72,2.301639122,-0.3866571204,0.3838102251,-1.542995079,2.175879286,-0.3811766637,0.3834175256,-1.611574237,-0.4396008361,-2.284330145,0.5015666973,0.007535251757,2.502144024,-0.4147140318,0.400113625,-1.618347389,2.503292328,0.2542309828,0,0,0,1
2.73,2.445104945,-0.4280729063,0.4087842732,-1.562098985,2.251510056,-0.4126790239,0.3975904567,-1.608739533,0.9413347943,-2.476753674,0.7732452363,0.0147270829,2.57317959,-0.4327699288,0.4157746806,-1.618530322,6.087096492,0.117552979,0,0,0,1
2.74,2.516299964,-0.4579079844,0.4176067376,-1.562045472,2.335613993,-0.4448126732,0.410850196,-1.606005365,2.230189563,-2.640445064,0.9372292865,0.02147045447,2.646989263,-0.4445992977,0.4336733028,-1.61871724,5.000614394,0.1043975446,0,0,0,1
2.75,2.651079014,-0.4982729617,0.4412933565,-1.554594189,2.443658004,-0.4809572255,0.4297036315,-1.602958853,3.709748583,-2.856891767,1.218516687,0.02885424738,2.720109894,-0.4483080087,0.4531072494,-1.618907891,6.947801285,0.1263316386,0,0,0,1
2.76,2.771484664,-0.5399738258,0.4606350776,-1.52963986,2.565785742,-0.5204873089,0.4503239588,-1.598648856,5.177023747,-3.100473227,1.46877179,0.03934394181,2.7886657,-0.4421816452,0.4729616851,-1.619101902,6.885447001,0.2571305139,0,0,0,1
2.77,2.885155059,-0.5781330736,0.4760859536,-1.544714943,2.695821318,-0.5610828129,0.4699947083,-1.595319574,6.527564104,-3.313601487,1.616608823,0.04700550197,2.848523556,-0.4250333674,0.4917004045,-1.619298759,5.499605137,0.138234486,0,0,0,1
2.78,3.115531471,-0.6380498681,0.5114669343,-1.542859111,2.864759262,-0.6099980023,0.4975476605,-1.592009926,8.316352441,-3.66424981,1.954435333,0.05441998848,2.895490255,-0.3966729582,0.507365342,-1.619497787,10.24075584,0.1303760689,0,0,0,1
2.79,3.343227269,-0.7001361739,0.5473495942,-1.521347383,3.063538427,-0.6658989429,0.5307068512,-1.587650211,10.3114066,-4.092215199,2.358361563,0.06438893739,2.925621098,-0.3585236218,0.517678855,-1.619698152,13.06110644,0.2371961442,0,0,0,1
2.8,3.848511517,-0.06395085853,0.608371353,-1.712453205,3.366077421,-0.4753878098,0.5786249464,-1.593808871,13.75266706,1.050746692,3.080319107,0.04660347124,2.935776276,-0.3144522275,0.5205436027,-1.619898851,111.1487302,0.7593654058,0,0,0,1
2.81,3.400002401,-0.07211788795,0.5417330545,-1.715500378,3.473303459,-0.3234858591,0.5789677524,-1.599945503,13.22980179,4.192846331,2.176617644,0.02932790687,2.924587169,-0.2700108962,0.515087538,-1.620098788,35.20554229,0.7201989498,0,0,0,1
2.82,3.204634355,-0.07900497612,0.5126642561,-1.735882003,3.488329671,-0.2086385247,0.5611057015,-1.606993152,11.20616897,5.813265688,1.000923804,0.01010579561,2.8931318,-0.2298585409,0.5023175849,-1.620296963,30.23042155,0.8958418195,0,0,0,1
2.83,2.87123003,-0.09775495114,0.4634466378,-1.710749957,3.387131815,-0.1315155378,0.5226680246,-1.612472762,7.526179463,6.235273022,-0.4364036572,-0.004518937128,2.844445754,-0.1966612222,0.4844675378,-1.620492578,54.5736817,0.5207581326,0,0,0,1
2.84,2.8023502,-0.1119719113,0.4546426134,-1.724103062,3.269349146,-0.08457408494,0.4896586286,-1.618498001,4.195019792,5.892800192,-1.286256775,-0.0202033809,2.782577299,-0.1715887346,0.4639843664,-1.620685046,37.32389787,0.6012220642,0,0,0,1
2.85,2.619752144,-0.1201683844,0.4262273146,-1.699122155,3.109040892,-0.05967411153,0.4540419196,-1.622999411,0.7048642809,5.13662178,-1.961328699,-0.0314893858,2.711921064,-0.1547901654,0.4429826416,-1.620873988,39.25369455,0.3123445205,0,0,0,1
2.86,2.430871808,-0.1314485047,0.3958203799,-1.675926734,2.915682279,-0.05263851369,0.417056289,-1.626120547,-2.753347143,4.151496892,-2.476732964,-0.03886223817,2.636848421,-0.1457826975,0.4231196107,-1.621059212,38.09922431,0.1336951269,0,0,0,1
2.87,2.444721475,-0.1496348693,0.402101652,-1.679221378,2.758458563,-0.06098762159,0.3967043228,-1.629314777,-4.991271537,3.043406296,-2.34573756,-0.04623983578,2.561397257,-0.1437255276,0.4054842924,-1.621240689,17.58932002,0.1342187337,0,0,0,1
2.88,2.340339179,-0.1576908725,0.3854912448,-1.653007337,2.600855569,-0.07632299162,0.3787564466,-1.631011173,-6.849566293,2.026307785,-2.182281232,-0.04948757018,2.489046739,-0.1476343999,0.3905603407,-1.621418515,12.69819614,0.02607012583,0,0,0,1
2.89,2.263773294,-0.1687742133,0.3720213103,-1.651658173,2.453805742,-0.09663706161,0.3637225531,-1.632574595,-8.205090605,1.124593389,-1.980866975,-0.05230229371,2.422746802,-0.1565439116,0.3785144271,-1.62159289,7.695240817,0.01962115544,0,0,0,1
2.9,2.226528736,-0.1833149417,0.3676708657,-1.637622484,2.329280213,-0.1206437007,0.3546036823,-1.633337142,-8.938029259,0.3412028772,-1.66372105,-0.05293378004,2.364931625,-0.1695842908,0.3693511101,-1.62176409,3.974025217,0.0009893163776,0,0,0,1
2.91,2.158067804,-0.1946376644,0.3576651398,-1.630058887,2.215966287,-0.1450978292,0.3468301733,-1.633665236,-9.351026107,-0.2780450619,-1.40075195,-0.05240276901,2.317490833,-0.1860063853,0.3629150903,-1.621932447,2.073271067,0.0007005874138,0,0,0,1
2.92,2.160253477,-0.2113638914,0.3581282719,-1.618714215,2.133510736,-0.1707331,0.3442092839,-1.633372521,-9.160266922,-0.7859299543,-1.062932377,-0.05024588666,2.281778371,-0.20518185,0.3589287293,-1.622098327,1.709745213,0.01157336723,0,0,0,1
2.93,2.162052076,-0.2280889487,0.359825427,-1.601231984,2.077046871,-0.1964111572,0.3453894889,-1.632154396,-8.553914563,-1.181902347,-0.7125662098,-0.04569843548,2.258627284,-0.2265752778,0.3570092459,-1.622262112,2.455520731,0.0515000085,0,0,0,1
2.94,2.217816621,-0.2509427151,0.3693926988,-1.60919771,2.057696825,-0.2236066931,0.3522707145,-1.631378746,-7.411760793,-1.523602622,-0.2970085955,-0.04243804888,2.248421478,-0.2497075344,0.3567411779,-1.622424174,5.306951262,0.02649691195,0,0,0,1
2.95,2.16533796,-0.2606403658,0.3607431641,-1.608750848,2.036738628,-0.2466898721,0.3544493635,-1.630590847,-6.494446289,-1.697983794,-0.1442554614,-0.03922905429,2.251234104,-0.2741255968,0.3578506788,-1.622584855,2.62760356,0.02568682358,0,0,0,1
2.96,2.193884385,-0.2826477716,0.3658327244,-1.603880501,2.036749419,-0.2705018122,0.3587780157,-1.629559284,-5.373583674,-1.849808288,0.02696522598,-0.03545722043,2.266919002,-0.2993526889,0.360315097,-1.622744465,3.815559602,0.03550830297,0,0,0,1
2.97,2.185522419,-0.3036927697,0.3650365718,-1.586379397,2.042241823,-0.29428933,0.3617424622,-1.627628832,-4.351545944,-1.967351285,0.1069146244,-0.02939981036,2.295082121,-0.3248059343,0.3643058094,-1.622903284,3.080878714,0.09162101423,0,0,0,1
2.98,2.224932035,-0.3289624305,0.3723290816,-1.573408038,2.064885273,-0.3193626944,0.3670941336,-1.625063847,-3.209913134,-2.087347987,0.2339689697,-0.02181569769,2.33502204,-0.3497324359,0.3701129266,-1.623061548,3.92857879,0.1436737575,0,0,0,1
2.99,2.255231103,-0.3500411902,0.3757255165,-1.575530063,2.097845148,-0.34376598,0.372264862,-1.622674766,-2.087260182,-2.165788115,0.317960482,-0.01489487192,2.385675317,-0.3731800434,0.3781010411,-1.623219418,3.692166386,0.1196704318,0,0,0,1
3,2.255997846,-0.366485422,0.3756740851,-1.561904151,2.129332501,-0.3658060231,0.3755477869,-1.619633414,-1.183741032,-2.174280602,0.321025792,-0.006421030204,2.445564344,-0.3939821267,0.3886573248,-1.623376964,2.447333683,0.1794306889,0,0,0,1
3.01,2.344140092,-0.3977125131,0.3925401945,-1.541282024,2.183782492,-0.3912077553,0.3849595231,-1.615593594,-0.03989097929,-2.255590073,0.5050118107,0.004486274127,2.512707023,-0.4107356944,0.4020432525,-1.62353415,4.21128966,0.2973054218,0,0,0,1
3.02,2.431306958,-0.4281197101,0.4030827731,-1.555198661,2.255894321,-0.4189318355,0.3958920866,-1.612391942,1.211348465,-2.370438506,0.6795327341,0.01288082804,2.584510928,-0.4218098666,0.4182137542,-1.62369081,4.796643609,0.1761029875,0,0,0,1
3.03,2.561344945,-0.4710372651,0.4178756665,1.67125202,2.353800815,-0.4528605966,0.4095215886,-1.612263134,2.691785714,-2.597646862,0.8822896465,0.01288082804,2.657771717,-0.4254556803,0.4367420849,-1.62384663,441.629593,435.0809443,1,0,1,1
3.04,2.662840741,-0.5059699741,0.4407417175,-1.530636865,2.463231584,-0.4886049124,0.4284224448,-1.607653494,4.115621848,-2.814710133,1.181283471,0.02479219935,2.728770786,-0.4200371178,0.4567265852,-1.624001182,6.772325668,0.3202377393,0,0,0,1
3.05,2.783031272,-0.5458283118,0.4588578759,-1.504228665,2.585883319,-0.527219481,0.4486147871,-1.601750987,5.521901915,-3.047320517,1.429887458,0.03981233972,2.793418745,-0.4043766759,0.4767079212,-1.624153955,6.633950075,0.5133699734,0,0,0,1
3.06,3.069561302,-0.6185920515,0.5046015587,-1.497491497,2.766414749,-0.5796164577,0.4816717359,-1.595678241,7.68428275,-3.53451544,1.986403706,0.0548759095,2.847411395,-0.3781940989,0.4946704009,-1.624304285,16.55795264,0.5202963937,0,0,0,1
3.07,3.203483328,-0.6597019103,0.5227062772,-1.474931512,2.948613657,-0.6310681194,0.5110617486,-1.588581543,9.502298777,-3.892437825,2.269021213,0.07224821489,2.886566437,-0.3427322163,0.5082601263,-1.624451268,10.85018442,0.6969644329,0,0,0,1
3.08,3.687601573,-0.06775463121,0.5871012636,-1.773007311,3.231978597,-0.4531868658,0.5577572538,-1.597917026,12.75231229,0.9254651067,2.981212422,0.04557557733,2.907377319,-0.3015819007,0.515256513,-1.624593739,99.38649192,1.653962236,0,0,0,1
3.09,3.523967748,-0.07887179744,0.5654250911,-1.743061406,3.407603489,-0.3125104645,0.5776052348,-1.605349733,13.58235254,3.845948445,2.685595317,0.02466387976,2.907810078,-0.2599352996,0.5143353886,-1.624730386,27.30338611,1.023001963,0,0,0,1
3.1,3.113722506,-0.08336259078,0.5033373091,-1.739964727,3.417750317,-0.2054031599,0.5589590311,-1.612391202,11.41368559,5.371455559,1.335633206,0.005349187076,2.888074919,-0.2221551901,0.5058673065,-1.624860037,34.46808387,0.8777945803,0,0,0,1
3.11,2.997529762,-0.09753916478,0.4854657905,-1.762282559,3.375602392,-0.1321948061,0.5332361375,-1.620421369,8.716848031,5.804651075,0.1762271991,-0.01606932097,2.850396416,-0.1907674817,0.4916119227,-1.624981772,32.18122313,1.085273198,0,0,0,1
3.12,2.898832797,-0.1091779547,0.4723207549,-1.711926332,3.297834564,-0.0867589727,0.5067956892,-1.625495216,5.870720417,5.5244138,-0.6604936621,-0.02908537631,2.798092272,-0.1669183916,0.4736519498,-1.625094921,28.52420144,0.4028054705,0,0,0,1
3.13,2.693640849,-0.116433054,0.4403252586,-1.719273613,3.162661562,-0.06208539365,0.4732534047,-1.630803562,2.525139237,4.845068046,-1.459673338,-0.04237675982,2.735038778,-0.1507966627,0.4539392579,-1.625199056,37.7235316,0.4219820294,0,0,0,1
3.14,2.550216192,-0.1278100803,0.4157336641,-1.674805702,3.001404268,-0.05473784534,0.4393428413,-1.633561364,-0.6932395974,3.931665109,-2.032677797,-0.04855948136,2.665388721,-0.141983356,0.4342440944,-1.625293955,33.71477555,0.09170209773,0,0,0,1
3.15,2.461984254,-0.142635983,0.4064106113,-1.692118389,2.838733954,-0.06121851822,0.4133440573,-1.637151162,-3.380640539,2.913946799,-2.200955386,-0.05678253886,2.593207381,-0.13970793,0.4159554428,-1.625379563,23.31989643,0.1628584421,0,0,0,1
3.16,2.316829989,-0.1506642803,0.3826333255,-1.6806838,2.662172496,-0.07476973305,0.3874192821,-1.64001143,-5.844010194,1.965264958,-2.317112526,-0.06285565872,2.52219737,-0.1430503882,0.3999748311,-1.625455958,19.54934165,0.08915718117,0,0,0,1
3.17,2.289735206,-0.1645714318,0.3767337893,-1.672582795,2.511896891,-0.09452064885,0.3698662484,-1.642341365,-7.428716225,1.089630172,-2.150434477,-0.06736343547,2.455536613,-0.1510889758,0.3867587604,-1.625523338,9.369286951,0.04928552031,0,0,0,1
3.18,2.281008667,-0.180042582,0.3803708021,-1.65858121,2.391808244,-0.1183349117,0.3627647721,-1.643842744,-8.219062944,0.3182842928,-1.723128872,-0.06955685229,2.395766049,-0.1629810335,0.3763242838,-1.625582015,4.808419289,0.01170520822,0,0,0,1
3.19,2.210025819,-0.1908725178,0.367040774,-1.643974614,2.280489766,-0.1424114304,0.3552110009,-1.644508384,-8.721690755,-0.2874792995,-1.436015404,-0.06947753123,2.344840066,-0.1780130032,0.3684183608,-1.625632396,2.357148624,1.535124633e-05,0,0,0,1
3.2,2.211054298,-0.2088091748,0.3677814601,-1.652152305,2.198473438,-0.1681544859,0.3529686671,-1.645571575,-8.631949969,-0.7956629108,-1.076502814,-0.0704541596,2.304235931,-0.1956224894,0.3627611436,-1.625674954,1.739360496,0.002333186306,0,0,0,1
3.21,2.186804834,-0.2214867943,0.3652028462,-1.633135615,2.133987263,-0.1924463596,0.3525524661,-1.645580413,-8.255195883,-1.158668345,-0.7694728757,-0.06860951022,2.275001102,-0.2153870145,0.3591239088,-1.62571021,1.496039047,0.008343412058,0,0,0,1
3.22,2.110719209,-0.2323415873,0.3520760413,-1.625107637,2.068774209,-0.214224119,0.3481057179,-1.645147722,-7.955997149,-1.385136699,-0.6731114924,-0.06564233245,2.257814602,-0.236997433,0.3573973431,-1.625738728,0.4844142314,0.02163395728,0,0,0,1
3.23,2.16453876,-0.2531873317,0.362269702,-1.608673207,2.040491817,-0.2371157504,0.350776656,-1.643843192,-7.071155375,-1.586031465,-0.3941705313,-0.06044023647,2.252980447,-0.2601964251,0.3575681741,-1.625761091,2.953952749,0.06662727177,0,0,0,1
3.24,2.156083064,-0.2690584172,0.3608759194,-1.609164944,2.024268686,-0.2587657118,0.3531528884,-1.642586352,-6.130907555,-1.714690282,-0.2067293851,-0.05550129073,2.260378912,-0.2847011184,0.3596242461,-1.625777875,2.832979738,0.06016305344,0,0,0,1
3.25,2.157288294,-0.287386273,0.3623849027,-1.579124682,2.019795382,-0.2800431316,0.3561698822,-1.639767891,-5.150154071,-1.806479548,-0.05588827623,-0.04654695602,2.279504823,-0.310142849,0.3635966039,-1.625789632,3.068919028,0.1980702614,0,0,0,1
3.26,2.186297913,-0.3071421123,0.3667443737,-1.598774323,2.03205401,-0.3013602338,0.3606206228,-1.638050751,-4.049913747,-1.87875303,0.0927376821,-0.0407518643,2.309475679,-0.3360003251,0.3695648373,-1.625796864,3.630614281,0.08307973895,0,0,0,1
3.27,2.282824913,-0.3402536003,0.383869585,-1.579471785,2.076743313,-0.3273858651,0.3715919209,-1.635355772,-2.579908896,-2.039599719,0.3907216494,-0.03251188981,2.348984266,-0.3615272197,0.3775761993,-1.625800002,6.92773133,0.1681836727,0,0,0,1
3.28,2.301104942,-0.3593078165,0.378992254,1.611587335,2.124109323,-0.3519312058,0.3770709159,-1.635680891,-1.317377847,-2.131807353,0.437353316,-0.03251188981,2.39633211,-0.3857228394,0.3876734128,-1.625799404,450.0004181,445.532287,1,0,1,1
3.29,2.283347166,-0.3788174024,0.3823418955,-1.542126201,2.161361181,-0.3752538036,0.3818482681,-1.630818223,-0.4472371381,-2.176352337,0.4493338563,-0.01874412604,2.449505088,-0.4073419395,0.3999079906,-1.625795366,2.534615299,0.4248158189,0,0,0,1
3.3,2.410242116,-0.4163288147,0.4025886141,-1.554741826,2.230987653,-0.4039694626,0.3936521835,-1.626806396,0.8314065136,-2.330844239,0.6662247108,-0.00761008965,2.506108579,-0.4248827048,0.4140995018,-1.625788116,5.251150136,0.2804041205,0,0,0,1
3.31,2.510458282,-0.4500349993,0.4196371493,-1.532631074,2.318607522,-0.4354704589,0.4090089683,-1.621710543,2.199901068,-2.512900993,0.9241750433,0.006092107372,2.563276895,-0.4366132752,0.4296193892,-1.625777763,6.236001726,0.4283605463,0,0,0,1
3.32,2.656074932,-0.4945160562,0.4431462289,-1.50699432,2.432872325,-0.4728094403,0.4294528148,-1.615378599,3.792032122,-2.784233692,1.256519845,0.02269505437,2.617774712,-0.4407212641,0.4454294775,-1.625764251,8.732124269,0.6340220459,0,0,0,1
3.33,2.745788775,-0.5271135503,0.4563842388,-1.529634235,2.551221417,-0.5101780155,0.4484823049,-1.610488912,5.1799045,-2.995927877,1.448303036,0.0350331935,2.666219818,-0.4355744957,0.4602181468,-1.625747335,6.111593718,0.3527797311,0,0,0,1
3.34,2.879867278,-0.5682478174,0.4763186653,-1.527529477,2.683990508,-0.5502570826,0.46897386,-1.605647825,6.577117073,-3.220812061,1.626564489,0.04691102923,2.705323022,-0.4200721701,0.4725248778,-1.625726549,6.137709645,0.3292493145,0,0,0,1
3.35,3.056954784,-0.620185524,0.5030819819,-1.525324172,2.839607175,-0.5960445187,0.4932679864,-1.600850007,8.127483716,-3.522574628,1.864754206,0.05835636432,2.732129913,-0.394076109,0.480839277,-1.625701221,7.675188125,0.3077082168,0,0,0,1
3.36,3.195307535,-0.6653832716,0.5239435917,-1.457127653,3.001143897,-0.6435509474,0.5173277301,-1.592528183,9.512476308,-3.79547868,2.025323895,0.07881166586,2.744364215,-0.3589831333,0.4838615219,-1.625670476,6.722995295,0.9888300096,0,0,0,1
3.37,3.128103195,-0.08356872432,0.5035496185,-1.70385548,3.105579382,-0.4662484106,0.522268069,-1.597785641,9.673141375,0.9880173984,1.571019389,0.06283343203,2.740897278,-0.3184570504,0.4810075159,-1.625633202,65.83162887,0.6067379461,0,0,0,1
3.38,3.039118827,-0.09933935152,0.4915336188,-1.736485797,3.154581653,-0.327837838,0.5170798212,-1.604652032,8.849531148,3.844248479,0.9510025293,0.04302688822,2.722052975,-0.2776717212,0.4727052491,-1.625588104,28.44889093,0.9371530279,0,0,0,1
3.39,2.831514783,-0.1071471649,0.4569786182,-1.691703165,3.122706396,-0.2237860054,0.4952672641,-1.60891671,6.772426336,5.302233986,0.02172131624,0.03061963972,2.689543359,-0.2409467345,0.4602250681,-1.625533937,24.92193116,0.3695038377,0,0,0,1
3.4,2.632482635,-0.1152514279,0.4291904456,-1.729805965,3.027246276,-0.15077926,0.4656545156,-1.615100657,3.956529787,5.746331886,-0.8632766881,0.01346750987,2.64612746,-0.2107882973,0.445298634,-1.625469642,29.32624997,0.7092735544,0,0,0,1
3.41,2.547094523,-0.1285279088,0.4131725193,-1.68890227,2.914808694,-0.1059922495,0.4372911516,-1.618917199,1.333580366,5.464636145,-1.448645831,0.003024207564,2.595092938,-0.1883489458,0.4296270487,-1.625394339,22.23911644,0.2640018574,0,0,0,1
3.42,2.461803785,-0.1407419436,0.4055354058,-1.692395882,2.791752722,-0.08352846806,0.4150341268,-1.622807707,-1.0199851,4.749467701,-1.679183702,-0.007340112489,2.539787466,-0.1738194803,0.4144908837,-1.625307318,17.47867855,0.2609873417,0,0,0,1
3.43,2.400504991,-0.1570625005,0.394487603,-1.669102703,2.670106892,-0.07960412645,0.396552814,-1.62534192,-2.943087904,3.781238025,-1.729307223,-0.01384641135,2.483389853,-0.1667700598,0.4007011314,-1.625208025,12.99978723,0.1031986316,0,0,0,1
3.44,2.317195344,-0.1674270518,0.3811079423,-1.687030351,2.546066854,-0.08702045621,0.3800913664,-1.628751627,-4.57565592,2.776155581,-1.704634507,-0.02249746253,2.428820747,-0.1664316343,0.3887400941,-1.625096025,10.39734627,0.1830129323,0,0,0,1
3.45,2.264707348,-0.1809686844,0.3756510051,-1.652273115,2.431402941,-0.1030744226,0.3687172667,-1.630212755,-5.764715647,1.802477309,-1.536349818,-0.02576743127,2.37868095,-0.1719064106,0.3788550552,-1.624970998,6.805605179,0.02622088999,0,0,0,1
3.46,2.208654073,-0.1924369668,0.3659639565,-1.656831012,2.325468095,-0.1237090838,0.3590279056,-1.631867044,-6.597964124,0.9433787707,-1.368009004,-0.02946294723,2.335193168,-0.1822999594,0.3710933748,-1.62483272,4.23099623,0.03357473205,0,0,0,1
3.47,2.213604685,-0.2098186677,0.3685864513,-1.619608876,2.246068719,-0.1486709099,0.355804377,-1.631497558,-6.829533984,0.1790317974,-1.057782794,-0.02770510437,2.300160607,-0.1967909939,0.3653471387,-1.624681045,2.522017056,0.007614092588,0,0,0,1
3.48,2.176568497,-0.2224825224,0.3633137712,-1.631958929,2.177420984,-0.1740972869,0.3533651571,-1.631784348,-6.835614879,-0.4257836471,-0.8163258308,-0.02773089013,2.274978226,-0.214664137,0.3614256218,-1.624515869,1.466077233,1.641777958e-06,0,0,0,1
3.49,2.189847903,-0.2419111524,0.3664592398,-1.608412203,2.132691651,-0.2012352938,0.3547669479,-1.630813684,-6.427912457,-0.9342318795,-0.532549089,-0.02442535638,2.260682727,-0.2353140386,0.3591643215,-1.624337104,1.828233071,0.02702973375,0,0,0,1
3.5,2.164655314,-0.2548527203,0.3619215249,-1.615279109,2.096560883,-0.2265166514,0.3550570447,-1.630226261,-5.942186691,-1.288432741,-0.365945325,-0.02222166857,2.257992025,-0.2582235026,0.3585146506,-1.624144661,1.230060955,0.01203308996,0,0,0,1
3.51,2.155991568,-0.2723364509,0.3611225092,-1.627349662,2.071900104,-0.2512577487,0.3557734593,-1.630285321,-5.342352163,-1.551916518,-0.2361216801,-0.02178919012,2.267323961,-0.2829194372,0.3595890891,-1.623938429,1.322803927,0.0004641358287,0,0,0,1
3.52,2.142185907,-0.2874602038,0.3605941411,-1.591359897,2.054658142,-0.2742228983,0.356643842,-1.628444331,-4.718006089,-1.717382837,-0.1402462928,-0.01632965606,2.288764418,-0.3089019323,0.3626268181,-1.623718287,1.303841359,0.0740616182,0,0,0,1
3.53,2.18657271,-0.3088472207,0.3659475994,-1.611492746,2.059858313,-0.2976789045,0.3600587983,-1.62770825,-3.814137048,-1.856986789,0.002677336042,-0.01394385661,2.321982957,-0.3355561314,0.3679029909,-1.623484093,2.495300143,0.01415951118,0,0,0,1
3.54,2.215416368,-0.3315030674,0.3724507851,-1.587032459,2.078368673,-0.3217403186,0.3656494789,-1.625704723,-2.83655935,-1.979021149,0.1677478403,-0.008256970375,2.366163231,-0.3620667396,0.3756564138,-1.623235668,2.986754225,0.0805314957,0,0,0,1
3.55,2.255693579,-0.3587567171,0.3794642884,-1.568209939,2.110161869,-0.3477319574,0.3727883256,-1.622766665,-1.79846415,-2.116830645,0.3297762086,-0.0002379018659,2.419977559,-0.3873549042,0.386051785,-1.622972787,3.409040926,0.1602669338,0,0,0,1
3.56,2.302177956,-0.383217771,0.384189955,-1.548820876,2.153596639,-0.3740545664,0.3797325404,-1.618892434,-0.7386157368,-2.231370703,0.4379594981,0.01005753612,2.481557193,-0.410050686,0.3991326745,-1.622695154,3.511337659,0.264370576,0,0,0,1
3.57,2.442698325,-0.424757452,0.408484869,-1.547850884,2.232924985,-0.4065883777,0.3950790006,-1.615075426,0.7577227342,-2.458484131,0.7633254486,0.01993130027,2.548440561,-0.4284976638,0.4146889331,-1.622402359,7.422962871,0.2433150299,0,0,0,1
3.58,2.514814551,-0.4537877278,0.4196287402,-1.553802783,2.320730993,-0.4393144422,0.4103240731,-1.611678628,2.1421441,-2.639400201,0.9891535552,0.0284294869,2.617600182,-0.4408244054,0.432164728,-1.622093853,5.988715834,0.180340335,0,0,0,1
3.59,2.64626199,-0.4953507155,0.4410575982,-1.531807798,2.431096078,-0.4763796619,0.4295937643,-1.607229986,3.676948438,-2.876538372,1.267385528,0.03950138807,2.685564292,-0.445106104,0.4506811428,-1.621768936,7.603185355,0.3062546189,0,0,0,1
3.6,2.794150068,-0.5405872575,0.4628046881,-1.55334019,2.563294767,-0.5179042419,0.4515085716,-1.604037344,5.32366708,-3.160076067,1.54154693,0.04694217692,2.748545573,-0.4395990302,0.4690279747,-1.621426758,8.474108256,0.1383690406,0,0,0,1
3.61,2.907880291,-0.581076862,0.4819493453,-1.527375612,2.701742929,-0.5608708719,0.4736848947,-1.599585197,6.79406969,-3.412650943,1.742128552,0.05753859097,2.8026345,-0.4230955563,0.4856871693,-1.621066303,6.77413874,0.2807048515,0,0,0,1
3.62,3.057809685,-0.6250471726,0.5030351459,-1.524182328,2.853952538,-0.6058153062,0.4964737914,-1.595100146,8.248207245,-3.653049272,1.901375328,0.06794408635,2.844062986,-0.395413561,0.4989316277,-1.620686396,6.500607607,0.2707449911,0,0,0,1
3.63,3.28205911,-0.6872180453,0.5373962609,-1.521674623,3.037520229,-0.6584998076,0.5253456895,-1.590621312,9.992532506,-4.012027243,2.193847661,0.07805934973,2.869485799,-0.3579873839,0.5069565284,-1.62028568,9.725751069,0.2558980353,0,0,0,1
3.64,3.554794581,-0.07203341169,0.567619817,-1.744676964,3.259508615,-0.4730488795,0.5564344874,-1.597924593,12.09884283,1.000666104,2.46532022,0.05653069536,2.876408493,-0.3146175624,0.5082398122,-1.619862601,83.84918405,1.159315622,0,0,0,1
3.65,3.3443701,-0.08246145492,0.534199208,-1.693612109,3.36993091,-0.3260331436,0.5599895368,-1.602382915,11.91651449,4.045312212,1.839378313,0.04314799367,2.86388217,-0.2707184111,0.5022667601,-1.619415522,29.3131691,0.4480136444,0,0,0,1
3.66,3.060605038,-0.09013687796,0.4915638138,-1.73855785,3.36377427,-0.2152204898,0.5393176232,-1.609079081,9.753971887,5.60885736,0.6803736822,0.02415490118,2.832982783,-0.230843758,0.4899898239,-1.618942916,31.04862424,0.9024301225,0,0,0,1
3.67,2.832505166,-0.09860530915,0.456247471,-1.708367202,3.277404779,-0.1373423377,0.5056812993,-1.614029254,6.580449416,6.093070216,-0.5194057016,0.01031673611,2.786466572,-0.1976479189,0.4733724882,-1.618443462,40.21304208,0.4790522867,0,0,0,1
3.68,2.784792479,-0.1139916417,0.451232701,-1.699028771,3.179887788,-0.08994043774,0.4783244466,-1.618364193,3.762187042,5.792430166,-1.176933531,-0.001515767068,2.727973369,-0.172363426,0.4545236768,-1.617916039,26.0000757,0.3502434778,0,0,0,1
3.69,2.508311618,-0.1179362678,0.4100566186,-1.693122195,3.010088823,-0.06294738351,0.4411327946,-1.622276353,0.1829498631,5.105069112,-1.931165127,-0.01190815985,2.661481874,-0.1552299021,0.4352609804,-1.617359726,41.55790147,0.2701642741,0,0,0,1
3.7,2.481033698,-0.1308955312,0.4029713489,-1.664072381,2.856649235,-0.05473627436,0.4133394047,-1.624568003,-2.496360958,4.153078401,-2.182802115,-0.01770322962,2.590976642,-0.1458542702,0.4170058078,-1.616773765,23.03090372,0.08400111306,0,0,0,1
3.71,2.445097369,-0.1448856696,0.4003858767,-1.679083815,2.71861924,-0.06061035489,0.3955045905,-1.627577168,-4.447425374,3.099636967,-2.064331289,-0.02525924819,2.520118712,-0.143473659,0.4006309214,-1.616157542,13.90773595,0.1427963451,0,0,0,1
3.72,2.298725159,-0.1518593662,0.3779183753,-1.63851115,2.564345058,-0.07362232236,0.3762368631,-1.628386389,-6.342124076,2.12167392,-2.023520295,-0.02674461616,2.45216585,-0.1471606994,0.3865755851,-1.615510563,12.64696597,0.005517679135,0,0,0,1
3.73,2.229520274,-0.164595341,0.3659575574,-1.682812305,2.421545779,-0.09279389598,0.3604814606,-1.631475768,-7.7118651,1.224155857,-1.890613169,-0.03427640324,2.390003742,-0.1559694322,0.3750912904,-1.614832433,7.72739874,0.1418524649,0,0,0,1
3.74,2.239171698,-0.1856941107,0.3687818593,-1.624965432,2.313642822,-0.1184033758,0.3538173021,-1.631461492,-8.24307659,0.3830216705,-1.5274172,-0.0333232875,2.336029924,-0.1690024862,0.366213314,-1.614122847,3.769250991,0.002271333922,0,0,0,1
3.75,2.132728215,-0.1971515628,0.3529490691,-1.622595739,2.202408253,-0.1443013844,0.3450252914,-1.631315516,-8.740112686,-0.2776055593,-1.335103851,-0.03204382773,2.292127793,-0.1854590955,0.359779648,-1.613381589,2.188002865,0.004092505839,0,0,0,1
3.76,2.186905381,-0.2164805538,0.363811927,-1.626021166,2.13603538,-0.172062561,0.3461350658,-1.631343485,-8.377250844,-0.832830469,-0.9060791451,-0.03126283195,2.259718506,-0.2046727486,0.355540584,-1.61260849,2.643822734,0.001524678019,0,0,0,1
3.77,2.136126305,-0.229424596,0.3550907763,-1.619525897,2.076790609,-0.1980430086,0.3451810608,-1.63102431,-7.954002183,-1.225100312,-0.6655662685,-0.02957545224,2.239783599,-0.2261066443,0.3532235612,-1.611803405,1.378504085,0.007116236208,0,0,0,1
3.78,2.137826166,-0.2450664783,0.3559427406,-1.589517274,2.038365061,-0.2228120997,0.3463625841,-1.629142904,-7.244534148,-1.503280045,-0.4330519246,-0.02376006832,2.232936791,-0.2493205471,0.3526498113,-1.610966211,2.114801236,0.08451336435,0,0,0,1
3.79,2.13955657,-0.261629545,0.3584985149,-1.602067154,2.016703701,-0.2464073723,0.349441383,-1.627958058,-6.368209854,-1.693557204,-0.2132316026,-0.01996013022,2.239454087,-0.2739096951,0.3537644858,-1.610096788,2.64267606,0.03607996787,0,0,0,1
3.8,2.184163757,-0.2851033449,0.3580738511,1.565432499,2.020624297,-0.2711766885,0.3521528378,-1.62815766,-5.201663213,-1.867640408,-0.06952617091,-0.01996013022,2.259257093,-0.2994256509,0.3566195513,-1.609194996,465.6816862,461.6580734,1,0,1,1
3.81,2.185361208,-0.3019967698,0.364071185,-1.585864414,2.032002089,-0.2942248164,0.3571332525,-1.626029651,-4.107734163,-1.964789825,0.09886030968,-0.0137492657,2.291934417,-0.3253121352,0.3613821185,-1.608260673,3.65618918,0.08707833038,0,0,0,1
3.82,2.187562775,-0.3197870676,0.3656561836,-1.592591163,2.048435938,-0.3160018817,0.3615120358,-1.624333166,-3.115325697,-2.012104649,0.1994404842,-0.008861086136,2.336753675,-0.3508522686,0.3683029848,-1.607293643,2.874415654,0.05437596402,0,0,0,1
3.83,2.226651003,-0.3438033832,0.3735766676,-1.574952971,2.078517131,-0.338887892,0.3680376854,-1.621727072,-2.058668964,-2.07354829,0.3338738642,-0.001685934246,2.392588795,-0.3750991258,0.3776668512,-1.6062937,3.369442077,0.1180540284,0,0,0,1
3.84,2.301524208,-0.3707652543,0.3828902759,-1.555526247,2.129174889,-0.3636344515,0.3765572488,-1.618146336,-0.8292805334,-2.162683325,0.4875790413,0.007884922857,2.457799902,-0.396813928,0.3897041913,-1.605260594,4.614244462,0.211559044,0,0,0,1
3.85,2.395072459,-0.4091500285,0.3928211872,1.629154421,2.201075194,-0.3938612325,0.3865573017,-1.618067487,0.5545253005,-2.353793275,0.6396061239,0.007884922857,2.530173512,-0.4144586328,0.4045025861,-1.604194013,450.3732689,444.7742627,1,0,1,1
3.86,2.462735092,-0.4382012884,0.4093058485,-1.540688162,2.281526905,-0.4248879296,0.4003114011,-1.613584017,1.847105099,-2.52021026,0.8579050682,0.01957004468,2.606943911,-0.4262734438,0.4219114814,-1.603093576,5.373134549,0.2874940981,0,0,0,1
3.87,2.596948956,-0.4789690887,0.4313579213,-1.493173544,2.38684792,-0.4604864925,0.4190000158,-1.606574854,3.345781068,-2.751242712,1.157836528,0.03761333132,2.684831767,-0.4304367193,0.441433786,-1.601958844,7.776901455,0.6955363631,0,0,0,1
3.88,2.647764667,-0.506698721,0.4392855498,-1.531849127,2.486831186,-0.4947308481,0.434496298,-1.60200628,4.493738948,-2.900841123,1.274073642,0.04869833407,2.760097485,-0.4252945163,0.4621919633,-1.600789262,4.093124073,0.2661304043,0,0,0,1
3.89,2.834087508,-0.5559352282,0.4634461915,-1.528786904,2.620188512,-0.5353298081,0.4545305799,-1.597438097,6.019506224,-3.158408873,1.49045921,0.05947463946,2.828612396,-0.4096688837,0.4828576005,-1.599584094,7.266892287,0.2547533412,0,0,0,1
3.9,3.058353571,-0.6197691441,0.502241592,-1.469874967,2.790929356,-0.5859417859,0.4841968968,-1.589752157,7.927075322,-3.581250851,1.928411399,0.0781771777,2.885971464,-0.3832758884,0.5014923539,-1.598342443,12.86100319,0.7765618919,0,0,0,1
3.91,3.282321677,-0.6803296843,0.5375338673,-1.462625322,2.990734283,-0.6428414348,0.5188035878,-1.581945547,10.00700329,-4.049853971,2.383003001,0.09668677608,2.92783355,-0.3473576725,0.5156639416,-1.597063239,14.99062258,0.7691592533,0,0,0,1
3.92,3.76417018,-0.06483169405,0.6007771161,-1.778092361,3.287745229,-0.4606769935,0.5687961287,-1.591891525,13.40539978,0.8982122726,3.159194744,0.06795564307,2.950491775,-0.3055369403,0.5229721336,-1.595745178,106.6114665,1.872588392,0,0,0,1
3.93,3.574547441,-0.07791465538,0.5722286657,-1.703768468,3.46647386,-0.3171339932,0.5877173408,-1.597418116,14.17630164,3.888453996,2.783278219,0.05162662568,2.951764788,-0.2630907263,0.5220072818,-1.594386842,28.18954699,0.6107358873,0,0,0,1
3.94,3.204475661,-0.08464124258,0.5145182973,-1.785375045,3.490147875,-0.2085504974,0.5700893867,-1.607253668,12.13856737,5.437319682,1.43454498,0.02440327617,2.931815405,-0.2244620284,0.5132041185,-1.592986991,33.94711606,1.71281149,0,0,0,1
3.95,3.012733917,-0.09449479458,0.4867663703,-1.726799755,3.436401198,-0.1326915984,0.5404874927,-1.613564849,9.116497673,5.91477973,0.1307112014,0.007170418037,2.892905156,-0.1922166493,0.4984518275,-1.591544686,39.81163739,0.6920624003,0,0,0,1
3.96,2.893805006,-0.108459504,0.4720987408,-1.772487636,3.342208541,-0.08611345419,0.5104339392,-1.622163319,5.917981307,5.635454107,-0.7996998623,-0.01561712755,2.838454709,-0.1675140428,0.4799730234,-1.590059307,36.53374222,1.219425434,0,0,0,1
3.97,2.762155951,-0.1166138181,0.4507695341,-1.713409417,3.214430535,-0.0610266789,0.4791884412,-1.627270285,2.69185228,4.940614867,-1.489438449,-0.02862759393,2.772395634,-0.1505278651,0.4597478795,-1.588530567,34.32312739,0.4003269015,0,0,0,1
3.98,2.613999463,-0.1283741687,0.4273115589,-1.652874456,3.057866632,-0.05365184009,0.4476532451,-1.628928289,-0.474305644,4.006585759,-1.983139556,-0.03223236941,2.698857761,-0.1408074102,0.439461629,-1.586958495,32.18099892,0.03093196648,0,0,0,1
3.99,2.467493639,-0.1368553798,0.4056104081,-1.72233405,2.881842998,-0.05796296552,0.4178274891,-1.63427893,-3.429909472,3.020430581,-2.279653147,-0.0454473217,2.621925931,-0.137553682,0.4204918585,-1.585343375,28.06351826,0.4181874139,0,0,0,1
4,2.370310879,-0.146875384,0.390772268,-1.717161478,2.707966427,-0.07064068044,0.3931146984,-1.639173656,-5.838447125,2.067496787,-2.336504899,-0.05711861126,2.545384036,-0.1398189878,0.4038260592,-1.583685693,18.98940821,0.3279788808,0,0,0,1
4.01,2.283336967,-0.1578938349,0.3765639264,-1.698279303,2.542465414,-0.0888198366,0.3728158322,-1.642889664,-7.686841516,1.204071809,-2.245537109,-0.06538674416,2.472504052,-0.1466387008,0.3900064916,-1.581986174,11.79056021,0.1654185033,0,0,0,1
4.02,2.28303582,-0.1722572523,0.3787679183,-1.638853552,2.412202897,-0.1111512467,0.3631428088,-1.643292184,-8.608205823,0.4402467386,-1.866309262,-0.06472572442,2.405933582,-0.1571098686,0.3791345202,-1.580245812,5.089460956,0.001062096637,0,0,0,1
4.03,2.226327434,-0.1849974223,0.368014153,-1.643945242,2.296934025,-0.1349182907,0.3550693775,-1.643939751,-9.111851135,-0.1857424053,-1.552134228,-0.06472654043,2.347711557,-0.1704413238,0.3709850347,-1.578465814,2.554733913,1.625215673e-09,0,0,0,1
4.04,2.21212245,-0.2062840438,0.3705100868,-1.638925185,2.207660118,-0.1617987132,0.3534798597,-1.644284958,-9.080020783,-0.7418090369,-1.138803599,-0.06393155587,2.299376194,-0.185982164,0.3651940369,-1.576647541,2.181506499,0.001548272089,0,0,0,1
4.05,2.176976689,-0.2191999246,0.3634826551,-1.619545636,2.134442407,-0.1872107272,0.3517169387,-1.643573107,-8.776618637,-1.141674005,-0.8532448144,-0.06037385529,2.262058083,-0.2032428904,0.361389491,-1.574792484,1.360154411,0.03111145249,0,0,0,1
4.06,2.188963656,-0.2384526958,0.3641558786,-1.627133505,2.088291365,-0.2129645495,0.352620871,-1.643271197,-8.058511071,-1.460275834,-0.5732854266,-0.05798808777,2.236544938,-0.2219117966,0.3592783716,-1.572902252,2.33319991,0.0140326614,0,0,0,1
4.07,2.164371326,-0.251511793,0.362241354,-1.608587401,2.05352646,-0.2361873225,0.3537964736,-1.641980605,-7.267841307,-1.651831715,-0.3683247004,-0.05305815257,2.223349975,-0.2418490681,0.3586841304,-1.570978559,2.222701397,0.06007995695,0,0,0,1
4.08,2.155733193,-0.2657157025,0.3608165055,-1.608994292,2.031997121,-0.2573892623,0.3549293223,-1.640736345,-6.385217014,-1.755912218,-0.2254403376,-0.04837777861,2.22277111,-0.2630616445,0.3595550028,-1.569023217,2.405861863,0.05428036043,0,0,0,1
4.09,2.18430349,-0.2892129195,0.3656640951,-1.597966446,2.031365352,-0.2800836171,0.3585195873,-1.638933257,-5.294290871,-1.870028498,-0.05204018791,-0.04234383479,2.23489694,-0.2856527662,0.3619465773,-1.567038125,3.664471713,0.09040638601,0,0,0,1
4.1,2.169722002,-0.301951189,0.3639882279,-1.5986073,2.03437228,-0.2999241254,0.360694042,-1.637205355,-4.328825016,-1.895366794,0.02791106155,-0.03666427509,2.259596779,-0.3097720013,0.365993804,-1.565025256,2.720587496,0.08024731596,0,0,0,1
4.11,2.224766375,-0.3272340255,0.3739106058,-1.573013431,2.05942966,-0.3218860369,0.3667945474,-1.63416825,-3.149458335,-1.962216652,0.2006207307,-0.02767318756,2.29650765,-0.3355738016,0.37188583,-1.562986655,4.307631953,0.2014320145,0,0,0,1
4.12,2.256041733,-0.3503502125,0.3774877797,-1.588808713,2.094649972,-0.3446913267,0.3727096077,-1.632041878,-1.998231485,-2.032952724,0.3165889342,-0.02132165037,2.344994703,-0.363161566,0.3798258244,-1.560924418,3.899785899,0.1006632838,0,0,0,1
4.13,2.28326486,-0.3718067169,0.3844639275,-1.548215151,2.135676577,-0.3674637646,0.3797399859,-1.62783483,-0.9454664987,-2.087239628,0.4312409413,-0.009631865293,2.404133006,-0.3925454139,0.3900145745,-1.558840687,3.529654183,0.3413894552,0,0,0,1
4.14,2.344005645,-0.3968883287,0.3943167296,-1.541644197,2.189917637,-0.3914149413,0.3886709815,-1.623397514,0.1536618005,-2.155656971,0.5682655736,0.00236467547,2.472664164,-0.4235987118,0.4025864318,-1.55673763,3.873573796,0.3599104304,0,0,0,1
4.15,2.445583294,-0.4310587441,0.4079248448,-1.56275336,2.265779979,-0.4194829149,0.400460199,-1.620191892,1.436220482,-2.300354836,0.7494356016,0.01078939116,2.548916369,-0.4559923283,0.4174999043,-1.554617409,5.058395312,0.17765066,0,0,0,1
4.16,2.533869356,-0.4625291265,0.4190954485,-1.540285135,2.354350372,-0.449701822,0.4129675618,-1.615899107,2.716750991,-2.460696141,0.8981619389,0.02187574156,2.630784449,-0.4891493997,0.4344570128,-1.552482173,5.104827053,0.3078524977,0,0,0,1
4.17,2.70190573,-0.5165195216,0.4507486344,-1.522066861,2.475222477,-0.4895046492,0.4349079131,-1.610775011,4.333709912,-2.798382046,1.282622772,0.03487788411,2.715774211,-0.5222350674,0.4528132489,-1.550334062,9.14360889,0.42368772,0,0,0,1
4.18,2.790218977,-0.5483903138,0.4594449826,-1.528971261,2.598012446,-0.5286131335,0.453003604,-1.606161204,5.704742222,-3.045596799,1.438957685,0.04618896834,2.801111538,-0.5542047486,0.4715809654,-1.548175196,5.900611321,0.3207910482,0,0,0,1
4.19,3.0508117,-0.6176837941,0.5032530953,-1.506812303,2.770806346,-0.5801703909,0.4835288698,-1.600525079,7.702054104,-3.51451434,1.917672765,0.0599186013,2.883900321,-0.5839041964,0.4895163383,-1.546007648,13.93312865,0.4728049125,0,0,0,1
4.2,3.260779013,-0.6764343118,0.5347025368,-1.473577231,2.968603976,-0.6373182942,0.5171030847,-1.593318851,9.786173796,-4.003464561,2.344818721,0.07745917376,2.961362584,-0.6102202513,0.5052734848,-1.543833439,14.90923916,0.771897621,0,0,0,1
4.21,3.260779013,-0.6764343118,0.5347025368,-1.473577231,3.123296986,-0.6770222337,0.5379195487,-1.58632673,10.76684964,-3.996115537,2.266740518,0.09397389531,3.031280461,-0.6323596513,0.5178691318,-1.541654502,3.403008126,0.6843608556,0,0,0,1
4.22,3.260779013,-0.6764343118,0.5347025368,-1.473577231,3.239685116,-0.7023857213,0.5489398848,-1.579546502,10.91731494,-3.671722919,1.921194217,0.1094946138,3.092331806,-0.6500548402,0.5270443748,-1.539472646,1.88101926,0.6045101391,0,0,0,1
4.23,3.260779013,-0.6764343118,0.5347025368,-1.473577231,3.323097518,-0.7165422405,0.5531008334,-1.572975865,10.47278955,-3.17037381,1.474659978,0.1240526466,3.144028648,-0.6634901188,0.5331134171,-1.537289538,3.317473993,0.5318553369,0,0,0,1
4.24,3.260779013,-0.6764343118,0.5347025368,-1.473577231,3.378968956,-0.7223937786,0.552933406,-1.566612432,9.629726465,-2.595880475,1.03218927,0.1376787977,3.186497845,-0.6731242326,0.5366637467,-1.535106715,4.867682588,0.4659264894,0,0,0,1
4.25,3.260779013,-0.6764343118,0.5347025368,-1.473577231,3.412534638,-0.7224620056,0.5504075691,-1.560453726,8.547235336,-2.020534303,0.6510216639,0.150403372,3.220294858,-0.6795548717,0.5383547405,-1.53292558,5.70180162,0.4062735494,0,0,0,1
4.26,3.260779013,-0.6764343118,0.5347025368,-1.473577231,3.428624361,-0.7188234554,0.5469217121,-1.554497187,7.349974275,-1.490670008,0.3544572448,0.1622561864,3.24625037,-0.6834208361,0.538797293,-1.530747411,5.792735659,0.352466108,0,0,0,1
4.27,3.260779013,-0.6764343118,0.5347025368,-1.473577231,3.431537332,-0.7131036517,0.5433731575,-1.548740166,6.131934641,-1.032303259,0.1440177085,0.1732665776,3.265347862,-0.6853361313,0.5384940795,-1.528573368,5.350576314,0.3040931032,0,0,0,1
4.28,3.260779013,-0.6764343118,0.5347025368,-1.473577231,3.424980372,-0.7065094302,0.5402638344,-1.543179935,4.960666587,-0.6563642792,0.009042725029,0.1834634086,3.27862929,-0.6858497748,0.537821146,-1.52640449,4.60466587,0.2607625116,0,0,0,1
4.29,3.260779013,-0.6764343118,0.5347025368,-1.473577231,3.412054097,-0.699883119,0.537811186,-1.537813679,3.881603209,-0.3632541895,-0.0664054723,0.192875072,3.287125396,-0.6854252696,0.5370346872,-1.524241706,3.739055482,0.2221010202,0,0,0,1
4.3,3.260779013,-0.6764343118,0.5347025368,-1.473577231,3.395273729,-0.6937663752,0.5360471506,-1.532638508,2.922236215,-0.146603397,-0.09903980135,0.2015294921,3.29180697,-0.6844343097,0.5362907745,-1.522085838,2.882978472,0.1877536782,0,0,0,1
4.31,3.260779013,-0.6764343118,0.5347025368,-1.473577231,3.376613369,-0.6884650941,0.534897368,-1.527651455,2.095975819,0.003781381976,-0.1037684351,0.2094541259,3.293553387,-0.6831600956,0.5356695729,-1.519937603,2.11678335,0.1573835282,0,0,0,1
4.32,3.260779013,-0.6764343118,0.5347025368,-1.473577231,3.357564628,-0.6841098117,0.5342389377,-1.52284948,1.405592385,0.09972512997,-0.09251669294,0.2166759619,3.293134962,-0.6818065359,0.5351987947,-1.51779762,1.481188328,0.1306712168,0,0,0,1
4.33,3.260779013,-0.6764343118,0.5347025368,-1.473577231,3.339202464,-0.6807083909,0.5339386662,-1.518229477,0.8461884766,0.1531511183,-0.0739772382,0.2232215184,3.291205972,-0.6805104798,0.5348736016,-1.515666412,0.987152981,0.107314585,0,0,0,1
4.34,3.260779013,-0.6764343118,0.5347025368,-1.473577231,3.322252788,-0.6781895553,0.5338754798,-1.513788271,0.4076886435,0.1750916613,-0.05390422373,0.2291168412,3.288305572,-0.6793549104,0.5346718974,-1.513544413,0.6255913775,0.08702823953,0,0,0,1
4.35,3.260779013,-0.6764343118,0.5347025368,-1.473577231,3.307157917,-0.676437081,0.5339511338,-1.50952263,0.07686234259,0.175126276,-0.03566736169,0.2343875002,3.284864253,-0.678381698,0.5345650432,-1.511431972,0.3761261181,0.06954310518,0,0,0,1
4.36,3.260779013,-0.6764343118,0.5347025368,-1.473577231,3.294137191,-0.6753152759,0.5340930553,-1.505429265,-0.1610855545,0.1611383273,-0.02087499458,0.2390585859,3.281213899,-0.6776030511,0.5345246244,-1.509329354,0.2141134097,0.05460596122,0,0,0,1
4.37,3.260779013,-0.6764343118,0.5347025368,-1.473577231,3.283241121,-0.6746868435,0.5342524805,-1.501504836,-0.3213104709,0.1392949739,-0.009951941976,0.2431547056,3.277599874,-0.6770112176,0.5345261432,-1.507236748,0.1155361316,0.04197896171,0,0,0,1
4.38,3.260779013,-0.6764343118,0.5347025368,-1.473577231,3.274398214,-0.6744244443,0.5344002507,-1.497745956,-0.4184578727,0.1141716299,-0.002615332171,0.246699979,3.274193943,-0.6765862913,0.5345505264,-1.50515427,0.05982335449,0.03143914248,0,0,0,1
4.39,3.260779013,-0.6764343118,0.5347025368,-1.473577231,3.267454269,-0.6744172982,0.5345218835,-1.494149198,-0.4660732779,0.08895895929,0.001769199644,0.2497180347,3.27110713,-0.6763021795,0.5345842308,-1.503081968,0.03098987703,0.0227779162,0,0,0,1
4.4,3.260779013,-0.6764343118,0.5347025368,-1.473577231,3.262204344,-0.6745740857,0.5346129023,-1.490711096,-0.4762403349,0.06570613337,0.003944666875,0.2522320058,3.268401879,-0.6761309178,0.5346185628,-1.501019825,0.01762613891,0.0158005577,0,0,0,1
4.41,3.260779013,-0.6764343118,0.5347025368,-1.473577231,3.258417942,-0.6748232479,0.5346749317,-1.487428153,-0.4593985319,0.04556783411,0.004614654281,0.2542645263,3.266103107,-0.676045581,0.5346486568,-1.498967762,0.01224358232,0.01032568142,0,0,0,1
4.42,3.260779013,-0.6764343118,0.5347025368,-1.473577231,3.255858119,-0.6751115968,0.5347127353,-1.484296847,-0.4242971998,0.02903389585,0.004367133799,0.2558377279,3.264207923,-0.6760220627,0.5346724023,-1.496925648,0.01036705971,0.006184713015,0,0,0,1
4.43,3.260779013,-0.6764343118,0.5347025368,-1.473577231,3.254295324,-0.6754019572,0.5347321671,-1.481313631,-0.3780482685,0.0161294637,0.003647994383,0.2569732363,3.262693909,-0.6760399898,0.534689486,-1.494893296,0.009629481038,0.003221357223,0,0,0,1
4.44,3.260779013,-0.6764343118,0.5347025368,-1.473577231,3.253516828,-0.6756703763,0.5347388998,-1.478474944,-0.3262462308,0.006580270031,0.002765449967,0.2576921691,3.261525956,-0.6760830076,0.5347006249,-1.492870473,0.009004402256,0.001291063963,0,0,0,1
4.45,3.260779013,-0.6764343118,0.5347025368,-1.473577231,3.253332534,-0.6759032794,0.5347377487,-1.475777211,-0.2731296033,-5.763552196e-05,0.001910843044,0.2580151334,3.260661753,-0.6761386422,0.5347070069,-1.490856904,0.008225679756,0.0002604945727,0,0,0,1
4.46,3.260779013,-0.6764343118,0.5347025368,-1.473577231,3.253577956,-0.6760948199,0.5347324149,-1.47321685,-0.2217635995,-0.004301284234,0.001185689237,0.2579622236,3.260056025,-0.676197901,0.5347099205,-1.488852273,0.007390144544,6.990133737e-06,0,0,0,1
4.47,3.260779013,-0.6764343118,0.5347025368,-1.473577231,3.254115028,-0.6762445652,0.5347254926,-1.470790277,-0.1742285908,-0.006673116671,0.0006285442816,0.2575530211,3.259663686,-0.6762547392,0.5347105374,-1.486856229,0.006712668352,0.0004180436449,0,0,0,1
4.48,3.260779013,-0.6764343118,0.5347025368,-1.473577231,3.254831344,-0.6763555819,0.5347186205,-1.468493908,-0.1318031516,-0.007657240097,0.0002381867134,0.2568065929,3.259442063,-0.6763054821,0.5347098087,-1.484868388,0.006394415722,0.001390777765,0,0,0,1
4.49,3.260779013,-0.6764343118,0.5347025368,-1.473577231,3.255638329,-0.676432931,0.5347126935,-1.466324167,-0.09513403485,-0.007674499882,-8.3207466e-06,0.2557414918,3.259352341,-0.6763482658,0.5347084371,-1.482888343,0.006566966414,0.002831429711,0,0,0,1
4.5,3.260779013,-0.6764343118,0.5347025368,-1.473577231,3.256468738,-0.6764825449,0.5347080776,-1.464277487,-0.0643883215,-0.007071586154,-0.000142797812,0.2543757569,3.259360404,-0.6763825349,0.5347068951,-1.480915661,0.007281824313,0.00465484479,0,0,0,1
4.51,3.260779013,-0.6764343118,0.5347025368,-1.473577231,3.257273809,-0.6765104391,0.534704799,-1.462350315,-0.03938527882,-0.006119994476,-0.0001977020508,0.252726915,3.259437179,-0.6764086155,0.5347054651,-1.478949891,0.008523052271,0.006783979928,0,0,0,1
4.52,3.260779013,-0.6764343118,0.5347025368,-1.473577231,3.258020323,-0.6765222013,0.5347026937,-1.46053912,-0.01970720778,-0.005021376243,-0.0002015089214,0.2508119816,3.259558643,-0.676427372,0.5347042876,-1.476990565,0.0102284003,0.009149418409,0,0,0,1
4.53,3.260779013,-0.6764343118,0.5347025368,-1.473577231,3.258687729,-0.6765226979,0.5347015147,-1.458840388,-0.004789829835,-0.003916550475,-0.0001767022246,0.2486474639,3.259705559,-0.6764399442,0.5347034063,-1.475037208,0.01231042614,0.01168889693,0,0,0,1
4.54,3.260779013,-0.6764343118,0.5347025368,-1.473577231,3.259265483,-0.6765159448,0.5347010027,-1.457250634,0.006006364108,-0.002896137946,-0.0001394686423,0.2462493631,3.259863063,-0.6764475567,0.5347028054,-1.473089334,0.01467352069,0.01434684598,0,0,0,1
4.55,3.260779013,-0.6764343118,0.5347025368,-1.473577231,3.259750645,-0.6765050922,0.5347009259,-1.455766401,0.0133418356,-0.002011382891,-0.0001003703616,0.243633178,3.260020145,-0.67645139,0.534702439,-1.471146457,0.01722560032,0.01707394427,0,0,0,1
4.56,3.260779013,-0.6764343118,0.5347025368,-1.473577231,3.260145812,-0.6764924841,0.5347010987,-1.454384266,0.01785853794,-0.001284229025,-6.546589011e-05,0.2408139088,3.260169094,-0.6764525018,0.5347022505,-1.469208089,0.0198848346,0.01982668811,0,0,0,1
4.57,3.260779013,-0.6764343118,0.5347025368,-1.473577231,3.26045736,-0.6764797612,0.5347013857,-1.453100838,0.02015293069,-0.0007161122285,-3.752776555e-05,0.2378060615,3.260304937,-0.6764517857,0.5347021848,-1.467273751,0.02258250164,0.02256697619,0,0,0,1
4.58,3.260779013,-0.6764343118,0.5347025368,-1.473577231,3.260694022,-0.6764679825,0.5347016973,-1.451912767,0.02075918279,-0.0002952285005,-1.715100354e-05,0.2346236529,3.260424908,-0.6764499582,0.5347021956,-1.465342969,0.02526322644,0.02526171022,0,0,0,1
4.59,3.260779013,-0.6764343118,0.5347025368,-1.473577231,3.260865756,-0.6764577505,0.5347019807,-1.450816743,0.02014043192,-2.244634578e-06,-3.653473017e-06,0.2312802157,3.260527963,-0.6764475635,0.5347022468,-1.463415285,0.02788371533,0.027882412,0,0,0,1
4.6,3.260779013,-0.6764343118,0.5347025368,-1.473577231,3.260982885,-0.676449327,0.5347022109,-1.449809501,0.01868618521,0.0001854446104,4.258371349e-06,0.2277888045,3.260614349,-0.6764449909,0.5347023134,-1.461490254,0.03041082978,0.03040485691,0,0,0,1
4.61,3.260779013,-0.6764343118,0.5347025368,-1.473577231,3.261055468,-0.6764427347,0.534702381,-1.44888782,0.01671419621,0.0002907301583,8.041691493e-06,0.2241620019,3.260685229,-0.6764424978,0.5347023797,-1.459567457,0.03281955711,0.03280872415,0,0,0,1
4.62,3.260779013,-0.6764343118,0.5347025368,-1.473577231,3.26109287,-0.6764378418,0.5347024953,-1.448048526,0.01447541415,0.0003348544963,9.049119156e-06,0.2204119251,3.260742376,-0.6764402345,0.5347024369,-1.457646494,0.03509119186,0.03507726382,0,0,0,1
4.63,3.260779013,-0.6764343118,0.5347025368,-1.473577231,3.261103493,-0.6764344279,0.5347025638,-1.447288498,0.01216085725,0.000336305713,8.395220003e-06,0.2165502325,3.26078791,-0.6764382686,0.5347024817,-1.455726997,0.03721186169,0.03719698064,0,0,0,1
4.64,3.260779013,-0.6764343118,0.5347025368,-1.473577231,3.261094633,-0.6764322338,0.5347025978,-1.446604665,0.009909500473,0.0003103300346,6.914824987e-06,0.2125881316,3.260824095,-0.6764366081,0.5347025139,-1.453808631,0.03917141579,0.03915733444,0,0,0,1
4.65,3.260779013,-0.6764343118,0.5347025368,-1.473577231,3.261072435,-0.6764309957,0.5347026084,-1.445994009,0.007816482792,0.0002688791976,5.177454551e-06,0.2085363858,3.260853171,-0.6764352205,0.5347025355,-1.451891095,0.0409626305,0.04095045703,0,0,0,1
4.66,3.260779013,-0.6764343118,0.5347025368,-1.473577231,3.261041921,-0.6764304687,0.5347026047,-1.445453567,0.005941126481,0.0002208403262,3.530670308e-06,0.2044053228,3.260877222,-0.6764340497,0.534702549,-1.44997413,0.04258066122,0.04257088545,0,0,0,1
4.67,3.260779013,-0.6764343118,0.5347025368,-1.473577231,3.261007063,-0.6764304388,0.5347025936,-1.444980434,0.004314418578,0.0001724282224,2.153550598e-06,0.2002048422,3.26089807,-0.67643303,0.5347025572,-1.448057521,0.04402266806,0.04401531104,0,0,0,1
4.68,3.260779013,-0.6764343118,0.5347025368,-1.473577231,3.26097089,-0.6764307296,0.5347025799,-1.44457176,0.002945734284,0.0001276502181,1.108595758e-06,0.1959444241,3.260917186,-0.6764320978,0.5347025625,-1.446141101,0.04528755339,0.04528234421,0,0,0,1
4.69,3.260779013,-0.6764343118,0.5347025368,-1.473577231,3.260935613,-0.6764312022,0.5347025666,-1.444224755,0.00182868467,8.878027796e-05,3.858405476e-07,0.1916331375,3.260935613,-0.6764312022,0.5347025666,-1.444224755,0.0463757647,0.04637229439,0,0,0,1
